Tanggal,Nama_Stasiun,Longitude,Latitude,Curah_Hujan,No
2025-01-01,Batuwarno,111.007454,-7.98618,58.0,3.0
2025-01-01,Giriwoyo,110.947632,-8.026094,10.0,2.0
2025-01-01,Jatisrono,111.128514,-7.826993,5.61,5.0
2025-01-01,Parangjoho,110.817714,-7.951409,5.0,7.0
2025-01-01,Pracimantoro,110.814733,-8.06575,2.2,4.0
2025-01-01,Purwantoro,111.2532,-7.84575,4.0,8.0
2025-01-01,Sidorejo,111.135461,-7.946686,6.5,9.0
2025-01-01,SongPutri,110.831567,-7.992783,3.4,6.0
2025-01-01,Waduk Nawangan,110.897683,-8.041533,2.84,1.0
2025-01-02,Batuwarno,111.007454,-7.98618,0.0,3.0
2025-01-02,Giriwoyo,110.947632,-8.026094,0.5,2.0
2025-01-02,Jatisrono,111.128514,-7.826993,0.0,5.0
2025-01-02,Parangjoho,110.817714,-7.951409,0.0,7.0
2025-01-02,Pracimantoro,110.814733,-8.06575,0.0,4.0
2025-01-02,Purwantoro,111.2532,-7.84575,0.0,8.0
2025-01-02,Sidorejo,111.135461,-7.946686,8.0,9.0
2025-01-02,SongPutri,110.831567,-7.992783,0.0,6.0
2025-01-02,Waduk Nawangan,110.897683,-8.041533,0.0,1.0
2025-01-03,Batuwarno,111.007454,-7.98618,0.0,3.0
2025-01-03,Giriwoyo,110.947632,-8.026094,0.0,2.0
2025-01-03,Jatisrono,111.128514,-7.826993,0.0,5.0
2025-01-03,Parangjoho,110.817714,-7.951409,0.5,7.0
2025-01-03,Pracimantoro,110.814733,-8.06575,0.0,4.0
2025-01-03,Purwantoro,111.2532,-7.84575,0.0,8.0
2025-01-03,Sidorejo,111.135461,-7.946686,0.0,9.0
2025-01-03,SongPutri,110.831567,-7.992783,0.0,6.0
2025-01-03,Waduk Nawangan,110.897683,-8.041533,0.0,1.0
2025-01-04,Batuwarno,111.007454,-7.98618,26.0,3.0
2025-01-04,Giriwoyo,110.947632,-8.026094,37.0,2.0
2025-01-04,Jatisrono,111.128514,-7.826993,0.66,5.0
2025-01-04,Parangjoho,110.817714,-7.951409,30.5,7.0
2025-01-04,Pracimantoro,110.814733,-8.06575,63.2,4.0
2025-01-04,Purwantoro,111.2532,-7.84575,0.2,8.0
2025-01-04,Sidorejo,111.135461,-7.946686,5.5,9.0
2025-01-04,SongPutri,110.831567,-7.992783,16.2,6.0
2025-01-04,Waduk Nawangan,110.897683,-8.041533,14.56,1.0
2025-01-05,Batuwarno,111.007454,-7.98618,23.0,3.0
2025-01-05,Giriwoyo,110.947632,-8.026094,29.5,2.0
2025-01-05,Jatisrono,111.128514,-7.826993,6.6,5.0
2025-01-05,Parangjoho,110.817714,-7.951409,12.5,7.0
2025-01-05,Pracimantoro,110.814733,-8.06575,7.6,4.0
2025-01-05,Purwantoro,111.2532,-7.84575,4.0,8.0
2025-01-05,Sidorejo,111.135461,-7.946686,4.0,9.0
2025-01-05,SongPutri,110.831567,-7.992783,0.6,6.0
2025-01-05,Waduk Nawangan,110.897683,-8.041533,26.63,1.0
2025-01-06,Batuwarno,111.007454,-7.98618,4.0,3.0
2025-01-06,Giriwoyo,110.947632,-8.026094,6.5,2.0
2025-01-06,Jatisrono,111.128514,-7.826993,28.71,5.0
2025-01-06,Parangjoho,110.817714,-7.951409,1.5,7.0
2025-01-06,Pracimantoro,110.814733,-8.06575,5.0,4.0
2025-01-06,Purwantoro,111.2532,-7.84575,3.6,8.0
2025-01-06,Sidorejo,111.135461,-7.946686,14.0,9.0
2025-01-06,SongPutri,110.831567,-7.992783,3.8,6.0
2025-01-06,Waduk Nawangan,110.897683,-8.041533,2.49,1.0
2025-01-07,Batuwarno,111.007454,-7.98618,3.5,3.0
2025-01-07,Giriwoyo,110.947632,-8.026094,7.5,2.0
2025-01-07,Jatisrono,111.128514,-7.826993,17.16,5.0
2025-01-07,Parangjoho,110.817714,-7.951409,44.5,7.0
2025-01-07,Pracimantoro,110.814733,-8.06575,1.8,4.0
2025-01-07,Purwantoro,111.2532,-7.84575,13.6,8.0
2025-01-07,Sidorejo,111.135461,-7.946686,7.5,9.0
2025-01-07,SongPutri,110.831567,-7.992783,23.8,6.0
2025-01-07,Waduk Nawangan,110.897683,-8.041533,6.75,1.0
2025-01-08,Batuwarno,111.007454,-7.98618,4.5,3.0
2025-01-08,Giriwoyo,110.947632,-8.026094,2.5,2.0
2025-01-08,Jatisrono,111.128514,-7.826993,0.0,5.0
2025-01-08,Parangjoho,110.817714,-7.951409,29.0,7.0
2025-01-08,Pracimantoro,110.814733,-8.06575,9.8,4.0
2025-01-08,Purwantoro,111.2532,-7.84575,21.6,8.0
2025-01-08,Sidorejo,111.135461,-7.946686,14.5,9.0
2025-01-08,SongPutri,110.831567,-7.992783,0.8,6.0
2025-01-08,Waduk Nawangan,110.897683,-8.041533,7.46,1.0
2025-01-09,Batuwarno,111.007454,-7.98618,24.5,3.0
2025-01-09,Giriwoyo,110.947632,-8.026094,32.0,2.0
2025-01-09,Jatisrono,111.128514,-7.826993,0.66,5.0
2025-01-09,Parangjoho,110.817714,-7.951409,11.5,7.0
2025-01-09,Pracimantoro,110.814733,-8.06575,3.2,4.0
2025-01-09,Purwantoro,111.2532,-7.84575,17.0,8.0
2025-01-09,Sidorejo,111.135461,-7.946686,7.5,9.0
2025-01-09,SongPutri,110.831567,-7.992783,5.8,6.0
2025-01-09,Waduk Nawangan,110.897683,-8.041533,1.07,1.0
2025-01-10,Batuwarno,111.007454,-7.98618,28.5,3.0
2025-01-10,Giriwoyo,110.947632,-8.026094,6.0,2.0
2025-01-10,Jatisrono,111.128514,-7.826993,9.9,5.0
2025-01-10,Parangjoho,110.817714,-7.951409,38.5,7.0
2025-01-10,Pracimantoro,110.814733,-8.06575,2.8,4.0
2025-01-10,Purwantoro,111.2532,-7.84575,2.4,8.0
2025-01-10,Sidorejo,111.135461,-7.946686,2.5,9.0
2025-01-10,SongPutri,110.831567,-7.992783,65.2,6.0
2025-01-10,Waduk Nawangan,110.897683,-8.041533,8.88,1.0
2025-01-11,Batuwarno,111.007454,-7.98618,1.0,3.0
2025-01-11,Giriwoyo,110.947632,-8.026094,1.0,2.0
2025-01-11,Jatisrono,111.128514,-7.826993,14.52,5.0
2025-01-11,Parangjoho,110.817714,-7.951409,7.5,7.0
2025-01-11,Pracimantoro,110.814733,-8.06575,3.6,4.0
2025-01-11,Purwantoro,111.2532,-7.84575,5.0,8.0
2025-01-11,Sidorejo,111.135461,-7.946686,6.5,9.0
2025-01-11,SongPutri,110.831567,-7.992783,1.2,6.0
2025-01-11,Waduk Nawangan,110.897683,-8.041533,1.78,1.0
2025-01-12,Batuwarno,111.007454,-7.98618,13.0,3.0
2025-01-12,Giriwoyo,110.947632,-8.026094,24.0,2.0
2025-01-12,Jatisrono,111.128514,-7.826993,22.77,5.0
2025-01-12,Parangjoho,110.817714,-7.951409,18.0,7.0
2025-01-12,Pracimantoro,110.814733,-8.06575,24.6,4.0
2025-01-12,Purwantoro,111.2532,-7.84575,17.4,8.0
2025-01-12,Sidorejo,111.135461,-7.946686,22.0,9.0
2025-01-12,SongPutri,110.831567,-7.992783,19.0,6.0
2025-01-12,Waduk Nawangan,110.897683,-8.041533,19.17,1.0
2025-01-13,Batuwarno,111.007454,-7.98618,0.5,3.0
2025-01-13,Giriwoyo,110.947632,-8.026094,0.0,2.0
2025-01-13,Jatisrono,111.128514,-7.826993,0.0,5.0
2025-01-13,Parangjoho,110.817714,-7.951409,3.5,7.0
2025-01-13,Pracimantoro,110.814733,-8.06575,0.0,4.0
2025-01-13,Purwantoro,111.2532,-7.84575,0.0,8.0
2025-01-13,Sidorejo,111.135461,-7.946686,0.5,9.0
2025-01-13,SongPutri,110.831567,-7.992783,0.0,6.0
2025-01-13,Waduk Nawangan,110.897683,-8.041533,0.36,1.0
2025-01-14,Batuwarno,111.007454,-7.98618,5.5,3.0
2025-01-14,Giriwoyo,110.947632,-8.026094,5.0,2.0
2025-01-14,Jatisrono,111.128514,-7.826993,32.01,5.0
2025-01-14,Parangjoho,110.817714,-7.951409,3.5,7.0
2025-01-14,Pracimantoro,110.814733,-8.06575,2.8,4.0
2025-01-14,Purwantoro,111.2532,-7.84575,68.2,8.0
2025-01-14,Sidorejo,111.135461,-7.946686,12.5,9.0
2025-01-14,SongPutri,110.831567,-7.992783,3.0,6.0
2025-01-14,Waduk Nawangan,110.897683,-8.041533,3.55,1.0
2025-01-15,Batuwarno,111.007454,-7.98618,0.0,3.0
2025-01-15,Giriwoyo,110.947632,-8.026094,0.0,2.0
2025-01-15,Jatisrono,111.128514,-7.826993,0.0,5.0
2025-01-15,Parangjoho,110.817714,-7.951409,0.0,7.0
2025-01-15,Pracimantoro,110.814733,-8.06575,0.0,4.0
2025-01-15,Purwantoro,111.2532,-7.84575,0.0,8.0
2025-01-15,Sidorejo,111.135461,-7.946686,0.0,9.0
2025-01-15,SongPutri,110.831567,-7.992783,0.0,6.0
2025-01-15,Waduk Nawangan,110.897683,-8.041533,0.0,1.0
2025-01-16,Batuwarno,111.007454,-7.98618,3.0,3.0
2025-01-16,Giriwoyo,110.947632,-8.026094,1.0,2.0
2025-01-16,Jatisrono,111.128514,-7.826993,0.0,5.0
2025-01-16,Parangjoho,110.817714,-7.951409,1.5,7.0
2025-01-16,Pracimantoro,110.814733,-8.06575,0.6,4.0
2025-01-16,Purwantoro,111.2532,-7.84575,0.0,8.0
2025-01-16,Sidorejo,111.135461,-7.946686,1.0,9.0
2025-01-16,SongPutri,110.831567,-7.992783,0.0,6.0
2025-01-16,Waduk Nawangan,110.897683,-8.041533,0.0,1.0
2025-01-17,Batuwarno,111.007454,-7.98618,0.5,3.0
2025-01-17,Giriwoyo,110.947632,-8.026094,0.0,2.0
2025-01-17,Jatisrono,111.128514,-7.826993,0.33,5.0
2025-01-17,Parangjoho,110.817714,-7.951409,1.0,7.0
2025-01-17,Pracimantoro,110.814733,-8.06575,0.0,4.0
2025-01-17,Purwantoro,111.2532,-7.84575,0.0,8.0
2025-01-17,Sidorejo,111.135461,-7.946686,0.5,9.0
2025-01-17,SongPutri,110.831567,-7.992783,0.2,6.0
2025-01-17,Waduk Nawangan,110.897683,-8.041533,0.0,1.0
2025-01-18,Batuwarno,111.007454,-7.98618,2.0,3.0
2025-01-18,Giriwoyo,110.947632,-8.026094,6.5,2.0
2025-01-18,Jatisrono,111.128514,-7.826993,1.32,5.0
2025-01-18,Parangjoho,110.817714,-7.951409,0.5,7.0
2025-01-18,Pracimantoro,110.814733,-8.06575,2.2,4.0
2025-01-18,Purwantoro,111.2532,-7.84575,0.0,8.0
2025-01-18,Sidorejo,111.135461,-7.946686,0.5,9.0
2025-01-18,SongPutri,110.831567,-7.992783,0.0,6.0
2025-01-18,Waduk Nawangan,110.897683,-8.041533,2.49,1.0
2025-01-19,Batuwarno,111.007454,-7.98618,26.0,3.0
2025-01-19,Giriwoyo,110.947632,-8.026094,49.5,2.0
2025-01-19,Jatisrono,111.128514,-7.826993,33.0,5.0
2025-01-19,Parangjoho,110.817714,-7.951409,33.0,7.0
2025-01-19,Pracimantoro,110.814733,-8.06575,45.6,4.0
2025-01-19,Purwantoro,111.2532,-7.84575,30.8,8.0
2025-01-19,Sidorejo,111.135461,-7.946686,32.0,9.0
2025-01-19,SongPutri,110.831567,-7.992783,0.0,6.0
2025-01-19,Waduk Nawangan,110.897683,-8.041533,30.53,1.0
2025-01-20,Batuwarno,111.007454,-7.98618,4.5,3.0
2025-01-20,Giriwoyo,110.947632,-8.026094,6.5,2.0
2025-01-20,Jatisrono,111.128514,-7.826993,3.3,5.0
2025-01-20,Parangjoho,110.817714,-7.951409,5.0,7.0
2025-01-20,Pracimantoro,110.814733,-8.06575,14.6,4.0
2025-01-20,Purwantoro,111.2532,-7.84575,4.4,8.0
2025-01-20,Sidorejo,111.135461,-7.946686,3.5,9.0
2025-01-20,SongPutri,110.831567,-7.992783,4.8,6.0
2025-01-20,Waduk Nawangan,110.897683,-8.041533,4.97,1.0
2025-01-21,Batuwarno,111.007454,-7.98618,78.5,3.0
2025-01-21,Giriwoyo,110.947632,-8.026094,82.0,2.0
2025-01-21,Jatisrono,111.128514,-7.826993,23.76,5.0
2025-01-21,Parangjoho,110.817714,-7.951409,26.5,7.0
2025-01-21,Pracimantoro,110.814733,-8.06575,12.0,4.0
2025-01-21,Purwantoro,111.2532,-7.84575,67.4,8.0
2025-01-21,Sidorejo,111.135461,-7.946686,82.5,9.0
2025-01-21,SongPutri,110.831567,-7.992783,12.4,6.0
2025-01-21,Waduk Nawangan,110.897683,-8.041533,8.52,1.0
2025-01-22,Batuwarno,111.007454,-7.98618,44.0,3.0
2025-01-22,Giriwoyo,110.947632,-8.026094,51.0,2.0
2025-01-22,Jatisrono,111.128514,-7.826993,13.53,5.0
2025-01-22,Parangjoho,110.817714,-7.951409,43.0,7.0
2025-01-22,Pracimantoro,110.814733,-8.06575,37.6,4.0
2025-01-22,Purwantoro,111.2532,-7.84575,8.2,8.0
2025-01-22,Sidorejo,111.135461,-7.946686,23.5,9.0
2025-01-22,SongPutri,110.831567,-7.992783,11.2,6.0
2025-01-22,Waduk Nawangan,110.897683,-8.041533,28.76,1.0
2025-01-23,Batuwarno,111.007454,-7.98618,2.5,3.0
2025-01-23,Giriwoyo,110.947632,-8.026094,1.0,2.0
2025-01-23,Jatisrono,111.128514,-7.826993,0.33,5.0
2025-01-23,Parangjoho,110.817714,-7.951409,3.5,7.0
2025-01-23,Pracimantoro,110.814733,-8.06575,4.0,4.0
2025-01-23,Purwantoro,111.2532,-7.84575,0.2,8.0
2025-01-23,Sidorejo,111.135461,-7.946686,1.5,9.0
2025-01-23,SongPutri,110.831567,-7.992783,0.0,6.0
2025-01-23,Waduk Nawangan,110.897683,-8.041533,0.71,1.0
2025-01-24,Batuwarno,111.007454,-7.98618,1.5,3.0
2025-01-24,Giriwoyo,110.947632,-8.026094,7.5,2.0
2025-01-24,Jatisrono,111.128514,-7.826993,10.89,5.0
2025-01-24,Parangjoho,110.817714,-7.951409,10.5,7.0
2025-01-24,Pracimantoro,110.814733,-8.06575,5.0,4.0
2025-01-24,Purwantoro,111.2532,-7.84575,3.4,8.0
2025-01-24,Sidorejo,111.135461,-7.946686,1.0,9.0
2025-01-24,SongPutri,110.831567,-7.992783,20.6,6.0
2025-01-24,Waduk Nawangan,110.897683,-8.041533,6.75,1.0
2025-01-25,Batuwarno,111.007454,-7.98618,0.0,3.0
2025-01-25,Giriwoyo,110.947632,-8.026094,0.0,2.0
2025-01-25,Jatisrono,111.128514,-7.826993,1.32,5.0
2025-01-25,Parangjoho,110.817714,-7.951409,0.0,7.0
2025-01-25,Pracimantoro,110.814733,-8.06575,0.0,4.0
2025-01-25,Purwantoro,111.2532,-7.84575,0.8,8.0
2025-01-25,Sidorejo,111.135461,-7.946686,0.0,9.0
2025-01-25,SongPutri,110.831567,-7.992783,0.0,6.0
2025-01-25,Waduk Nawangan,110.897683,-8.041533,0.71,1.0
2025-01-26,Batuwarno,111.007454,-7.98618,0.0,3.0
2025-01-26,Giriwoyo,110.947632,-8.026094,1.5,2.0
2025-01-26,Jatisrono,111.128514,-7.826993,4.95,5.0
2025-01-26,Parangjoho,110.817714,-7.951409,0.5,7.0
2025-01-26,Pracimantoro,110.814733,-8.06575,2.0,4.0
2025-01-26,Purwantoro,111.2532,-7.84575,3.0,8.0
2025-01-26,Sidorejo,111.135461,-7.946686,0.5,9.0
2025-01-26,SongPutri,110.831567,-7.992783,0.0,6.0
2025-01-26,Waduk Nawangan,110.897683,-8.041533,1.42,1.0
2025-01-27,Batuwarno,111.007454,-7.98618,22.5,3.0
2025-01-27,Giriwoyo,110.947632,-8.026094,45.5,2.0
2025-01-27,Jatisrono,111.128514,-7.826993,7.26,5.0
2025-01-27,Parangjoho,110.817714,-7.951409,20.0,7.0
2025-01-27,Pracimantoro,110.814733,-8.06575,19.8,4.0
2025-01-27,Purwantoro,111.2532,-7.84575,27.0,8.0
2025-01-27,Sidorejo,111.135461,-7.946686,20.0,9.0
2025-01-27,SongPutri,110.831567,-7.992783,22.8,6.0
2025-01-27,Waduk Nawangan,110.897683,-8.041533,36.57,1.0
2025-01-28,Batuwarno,111.007454,-7.98618,4.0,3.0
2025-01-28,Giriwoyo,110.947632,-8.026094,0.5,2.0
2025-01-28,Jatisrono,111.128514,-7.826993,0.33,5.0
2025-01-28,Parangjoho,110.817714,-7.951409,0.0,7.0
2025-01-28,Pracimantoro,110.814733,-8.06575,0.0,4.0
2025-01-28,Purwantoro,111.2532,-7.84575,1.0,8.0
2025-01-28,Sidorejo,111.135461,-7.946686,1.0,9.0
2025-01-28,SongPutri,110.831567,-7.992783,0.0,6.0
2025-01-28,Waduk Nawangan,110.897683,-8.041533,0.71,1.0
2025-01-29,Batuwarno,111.007454,-7.98618,27.0,3.0
2025-01-29,Giriwoyo,110.947632,-8.026094,44.5,2.0
2025-01-29,Jatisrono,111.128514,-7.826993,14.19,5.0
2025-01-29,Parangjoho,110.817714,-7.951409,35.5,7.0
2025-01-29,Pracimantoro,110.814733,-8.06575,7.8,4.0
2025-01-29,Purwantoro,111.2532,-7.84575,19.0,8.0
2025-01-29,Sidorejo,111.135461,-7.946686,2.0,9.0
2025-01-29,SongPutri,110.831567,-7.992783,44.2,6.0
2025-01-29,Waduk Nawangan,110.897683,-8.041533,30.89,1.0
2025-01-30,Batuwarno,111.007454,-7.98618,0.0,3.0
2025-01-30,Giriwoyo,110.947632,-8.026094,0.0,2.0
2025-01-30,Jatisrono,111.128514,-7.826993,0.0,5.0
2025-01-30,Parangjoho,110.817714,-7.951409,0.0,7.0
2025-01-30,Pracimantoro,110.814733,-8.06575,0.0,4.0
2025-01-30,Purwantoro,111.2532,-7.84575,0.0,8.0
2025-01-30,Sidorejo,111.135461,-7.946686,0.0,9.0
2025-01-30,SongPutri,110.831567,-7.992783,0.0,6.0
2025-01-30,Waduk Nawangan,110.897683,-8.041533,0.0,1.0
2025-01-31,Batuwarno,111.007454,-7.98618,0.0,3.0
2025-01-31,Giriwoyo,110.947632,-8.026094,0.0,2.0
2025-01-31,Jatisrono,111.128514,-7.826993,0.0,5.0
2025-01-31,Parangjoho,110.817714,-7.951409,0.0,7.0
2025-01-31,Pracimantoro,110.814733,-8.06575,3.2,4.0
2025-01-31,Purwantoro,111.2532,-7.84575,0.0,8.0
2025-01-31,Sidorejo,111.135461,-7.946686,0.0,9.0
2025-01-31,SongPutri,110.831567,-7.992783,0.0,6.0
2025-01-31,Waduk Nawangan,110.897683,-8.041533,0.0,1.0
2025-02-01,Giriwoyo,110.947632,-8.026094,0.0,2.0
2025-02-01,Parangjoho,110.817714,-7.951409,0.0,7.0
2025-02-01,Sidorejo,111.135461,-7.946686,0.0,9.0
2025-02-01,SongPutri,110.831567,-7.992783,0.0,6.0
2025-02-01,Waduk Nawangan,110.897683,-8.041533,0.0,1.0
2025-02-02,Giriwoyo,110.947632,-8.026094,0.0,2.0
2025-02-02,Parangjoho,110.817714,-7.951409,0.0,7.0
2025-02-02,Sidorejo,111.135461,-7.946686,0.0,9.0
2025-02-02,SongPutri,110.831567,-7.992783,0.0,6.0
2025-02-02,Waduk Nawangan,110.897683,-8.041533,0.0,1.0
2025-02-03,Giriwoyo,110.947632,-8.026094,0.0,2.0
2025-02-03,Parangjoho,110.817714,-7.951409,0.0,7.0
2025-02-03,Sidorejo,111.135461,-7.946686,0.0,9.0
2025-02-03,SongPutri,110.831567,-7.992783,0.0,6.0
2025-02-03,Waduk Nawangan,110.897683,-8.041533,0.0,1.0
2025-02-04,Giriwoyo,110.947632,-8.026094,0.0,2.0
2025-02-04,Parangjoho,110.817714,-7.951409,0.0,7.0
2025-02-04,Sidorejo,111.135461,-7.946686,0.0,9.0
2025-02-04,SongPutri,110.831567,-7.992783,0.0,6.0
2025-02-04,Waduk Nawangan,110.897683,-8.041533,0.0,1.0
2025-02-05,Giriwoyo,110.947632,-8.026094,34.5,2.0
2025-02-05,Parangjoho,110.817714,-7.951409,14.0,7.0
2025-02-05,Sidorejo,111.135461,-7.946686,2.0,9.0
2025-02-05,SongPutri,110.831567,-7.992783,35.0,6.0
2025-02-05,Waduk Nawangan,110.897683,-8.041533,29.47,1.0
2025-02-06,Giriwoyo,110.947632,-8.026094,1.5,2.0
2025-02-06,Parangjoho,110.817714,-7.951409,0.0,7.0
2025-02-06,Sidorejo,111.135461,-7.946686,0.0,9.0
2025-02-06,SongPutri,110.831567,-7.992783,17.0,6.0
2025-02-06,Waduk Nawangan,110.897683,-8.041533,3.91,1.0
2025-02-07,Giriwoyo,110.947632,-8.026094,0.5,2.0
2025-02-07,Parangjoho,110.817714,-7.951409,0.5,7.0
2025-02-07,Sidorejo,111.135461,-7.946686,0.5,9.0
2025-02-07,SongPutri,110.831567,-7.992783,0.0,6.0
2025-02-07,Waduk Nawangan,110.897683,-8.041533,0.36,1.0
2025-02-08,Giriwoyo,110.947632,-8.026094,3.5,2.0
2025-02-08,Parangjoho,110.817714,-7.951409,0.0,7.0
2025-02-08,Sidorejo,111.135461,-7.946686,5.5,9.0
2025-02-08,SongPutri,110.831567,-7.992783,0.0,6.0
2025-02-08,Waduk Nawangan,110.897683,-8.041533,7.46,1.0
2025-02-09,Giriwoyo,110.947632,-8.026094,7.5,2.0
2025-02-09,Parangjoho,110.817714,-7.951409,0.0,7.0
2025-02-09,Sidorejo,111.135461,-7.946686,1.5,9.0
2025-02-09,SongPutri,110.831567,-7.992783,0.0,6.0
2025-02-09,Waduk Nawangan,110.897683,-8.041533,3.2,1.0
2025-02-10,Giriwoyo,110.947632,-8.026094,6.5,2.0
2025-02-10,Parangjoho,110.817714,-7.951409,1.0,7.0
2025-02-10,Sidorejo,111.135461,-7.946686,3.5,9.0
2025-02-10,SongPutri,110.831567,-7.992783,0.0,6.0
2025-02-10,Waduk Nawangan,110.897683,-8.041533,4.26,1.0
2025-02-11,Giriwoyo,110.947632,-8.026094,1.5,2.0
2025-02-11,Parangjoho,110.817714,-7.951409,1.5,7.0
2025-02-11,Sidorejo,111.135461,-7.946686,0.0,9.0
2025-02-11,SongPutri,110.831567,-7.992783,0.0,6.0
2025-02-11,Waduk Nawangan,110.897683,-8.041533,0.0,1.0
2025-02-12,Giriwoyo,110.947632,-8.026094,0.0,2.0
2025-02-12,Parangjoho,110.817714,-7.951409,0.0,7.0
2025-02-12,Sidorejo,111.135461,-7.946686,1.0,9.0
2025-02-12,SongPutri,110.831567,-7.992783,0.0,6.0
2025-02-12,Waduk Nawangan,110.897683,-8.041533,0.0,1.0
2025-02-13,Giriwoyo,110.947632,-8.026094,4.0,2.0
2025-02-13,Parangjoho,110.817714,-7.951409,2.5,7.0
2025-02-13,Sidorejo,111.135461,-7.946686,2.0,9.0
2025-02-13,SongPutri,110.831567,-7.992783,0.0,6.0
2025-02-13,Waduk Nawangan,110.897683,-8.041533,4.97,1.0
2025-02-14,Giriwoyo,110.947632,-8.026094,23.5,2.0
2025-02-14,Parangjoho,110.817714,-7.951409,0.5,7.0
2025-02-14,Sidorejo,111.135461,-7.946686,10.0,9.0
2025-02-14,SongPutri,110.831567,-7.992783,0.0,6.0
2025-02-14,Waduk Nawangan,110.897683,-8.041533,1.07,1.0
2025-02-15,Giriwoyo,110.947632,-8.026094,20.5,2.0
2025-02-15,Parangjoho,110.817714,-7.951409,31.5,7.0
2025-02-15,Sidorejo,111.135461,-7.946686,0.0,9.0
2025-02-15,SongPutri,110.831567,-7.992783,0.0,6.0
2025-02-15,Waduk Nawangan,110.897683,-8.041533,52.9,1.0
2025-02-16,Giriwoyo,110.947632,-8.026094,5.5,2.0
2025-02-16,Parangjoho,110.817714,-7.951409,1.0,7.0
2025-02-16,Sidorejo,111.135461,-7.946686,21.5,9.0
2025-02-16,SongPutri,110.831567,-7.992783,0.0,6.0
2025-02-16,Waduk Nawangan,110.897683,-8.041533,17.75,1.0
2025-02-17,Giriwoyo,110.947632,-8.026094,12.0,2.0
2025-02-17,Parangjoho,110.817714,-7.951409,15.0,7.0
2025-02-17,Sidorejo,111.135461,-7.946686,13.0,9.0
2025-02-17,SongPutri,110.831567,-7.992783,0.0,6.0
2025-02-17,Waduk Nawangan,110.897683,-8.041533,9.94,1.0
2025-02-18,Giriwoyo,110.947632,-8.026094,2.5,2.0
2025-02-18,Parangjoho,110.817714,-7.951409,13.0,7.0
2025-02-18,Sidorejo,111.135461,-7.946686,5.5,9.0
2025-02-18,SongPutri,110.831567,-7.992783,0.0,6.0
2025-02-18,Waduk Nawangan,110.897683,-8.041533,2.84,1.0
2025-02-19,Giriwoyo,110.947632,-8.026094,0.0,2.0
2025-02-19,Parangjoho,110.817714,-7.951409,0.5,7.0
2025-02-19,Sidorejo,111.135461,-7.946686,0.0,9.0
2025-02-19,SongPutri,110.831567,-7.992783,0.0,6.0
2025-02-19,Waduk Nawangan,110.897683,-8.041533,0.36,1.0
2025-02-20,Giriwoyo,110.947632,-8.026094,0.0,2.0
2025-02-20,Parangjoho,110.817714,-7.951409,0.0,7.0
2025-02-20,Sidorejo,111.135461,-7.946686,0.0,9.0
2025-02-20,SongPutri,110.831567,-7.992783,0.0,6.0
2025-02-20,Waduk Nawangan,110.897683,-8.041533,0.36,1.0
2025-02-21,Giriwoyo,110.947632,-8.026094,4.0,2.0
2025-02-21,Parangjoho,110.817714,-7.951409,9.5,7.0
2025-02-21,Sidorejo,111.135461,-7.946686,0.0,9.0
2025-02-21,SongPutri,110.831567,-7.992783,0.0,6.0
2025-02-21,Waduk Nawangan,110.897683,-8.041533,0.0,1.0
2025-02-22,Giriwoyo,110.947632,-8.026094,28.0,2.0
2025-02-22,Parangjoho,110.817714,-7.951409,72.5,7.0
2025-02-22,Sidorejo,111.135461,-7.946686,0.0,9.0
2025-02-22,SongPutri,110.831567,-7.992783,0.0,6.0
2025-02-22,Waduk Nawangan,110.897683,-8.041533,43.67,1.0
2025-02-23,Giriwoyo,110.947632,-8.026094,114.0,2.0
2025-02-23,Parangjoho,110.817714,-7.951409,11.0,7.0
2025-02-23,Sidorejo,111.135461,-7.946686,0.0,9.0
2025-02-23,SongPutri,110.831567,-7.992783,0.0,6.0
2025-02-23,Waduk Nawangan,110.897683,-8.041533,68.16,1.0
2025-02-24,Giriwoyo,110.947632,-8.026094,139.5,2.0
2025-02-24,Parangjoho,110.817714,-7.951409,26.5,7.0
2025-02-24,Sidorejo,111.135461,-7.946686,0.0,9.0
2025-02-24,SongPutri,110.831567,-7.992783,0.0,6.0
2025-02-24,Waduk Nawangan,110.897683,-8.041533,66.03,1.0
2025-02-25,Giriwoyo,110.947632,-8.026094,5.0,2.0
2025-02-25,Parangjoho,110.817714,-7.951409,1.0,7.0
2025-02-25,Sidorejo,111.135461,-7.946686,0.0,9.0
2025-02-25,SongPutri,110.831567,-7.992783,0.0,6.0
2025-02-25,Waduk Nawangan,110.897683,-8.041533,11.36,1.0
2025-02-26,Giriwoyo,110.947632,-8.026094,17.5,2.0
2025-02-26,Parangjoho,110.817714,-7.951409,3.0,7.0
2025-02-26,Sidorejo,111.135461,-7.946686,0.0,9.0
2025-02-26,SongPutri,110.831567,-7.992783,0.0,6.0
2025-02-26,Waduk Nawangan,110.897683,-8.041533,30.18,1.0
2025-02-27,Giriwoyo,110.947632,-8.026094,7.0,2.0
2025-02-27,Parangjoho,110.817714,-7.951409,0.0,7.0
2025-02-27,Sidorejo,111.135461,-7.946686,0.0,9.0
2025-02-27,SongPutri,110.831567,-7.992783,0.0,6.0
2025-02-27,Waduk Nawangan,110.897683,-8.041533,0.36,1.0
2025-02-28,Giriwoyo,110.947632,-8.026094,0.5,2.0
2025-02-28,Parangjoho,110.817714,-7.951409,0.0,7.0
2025-02-28,Sidorejo,111.135461,-7.946686,0.0,9.0
2025-02-28,SongPutri,110.831567,-7.992783,0.0,6.0
2025-02-28,Waduk Nawangan,110.897683,-8.041533,0.36,1.0
2025-03-01,Giriwoyo,110.947632,-8.026094,0.0,2.0
2025-03-01,Parangjoho,110.817714,-7.951409,9.5,7.0
2025-03-01,Sidorejo,111.135461,-7.946686,0.0,9.0
2025-03-01,SongPutri,110.831567,-7.992783,0.0,6.0
2025-03-01,Waduk Nawangan,110.897683,-8.041533,0.36,1.0
2025-03-02,Giriwoyo,110.947632,-8.026094,0.5,2.0
2025-03-02,Parangjoho,110.817714,-7.951409,1.0,7.0
2025-03-02,Sidorejo,111.135461,-7.946686,0.0,9.0
2025-03-02,SongPutri,110.831567,-7.992783,26.6,6.0
2025-03-02,Waduk Nawangan,110.897683,-8.041533,0.36,1.0
2025-03-03,Giriwoyo,110.947632,-8.026094,0.5,2.0
2025-03-03,Parangjoho,110.817714,-7.951409,0.0,7.0
2025-03-03,Sidorejo,111.135461,-7.946686,0.0,9.0
2025-03-03,SongPutri,110.831567,-7.992783,0.6,6.0
2025-03-03,Waduk Nawangan,110.897683,-8.041533,17.4,1.0
2025-03-04,Giriwoyo,110.947632,-8.026094,13.5,2.0
2025-03-04,Parangjoho,110.817714,-7.951409,0.5,7.0
2025-03-04,Sidorejo,111.135461,-7.946686,0.0,9.0
2025-03-04,SongPutri,110.831567,-7.992783,1.4,6.0
2025-03-04,Waduk Nawangan,110.897683,-8.041533,11.36,1.0
2025-03-05,Giriwoyo,110.947632,-8.026094,0.0,2.0
2025-03-05,Parangjoho,110.817714,-7.951409,0.0,7.0
2025-03-05,Sidorejo,111.135461,-7.946686,0.0,9.0
2025-03-05,SongPutri,110.831567,-7.992783,0.0,6.0
2025-03-05,Waduk Nawangan,110.897683,-8.041533,0.0,1.0
2025-03-06,Giriwoyo,110.947632,-8.026094,0.0,2.0
2025-03-06,Parangjoho,110.817714,-7.951409,3.5,7.0
2025-03-06,Sidorejo,111.135461,-7.946686,0.0,9.0
2025-03-06,SongPutri,110.831567,-7.992783,0.8,6.0
2025-03-06,Waduk Nawangan,110.897683,-8.041533,0.0,1.0
2025-03-07,Giriwoyo,110.947632,-8.026094,1.5,2.0
2025-03-07,Parangjoho,110.817714,-7.951409,14.0,7.0
2025-03-07,Sidorejo,111.135461,-7.946686,0.0,9.0
2025-03-07,SongPutri,110.831567,-7.992783,10.8,6.0
2025-03-07,Waduk Nawangan,110.897683,-8.041533,1.07,1.0
2025-03-08,Giriwoyo,110.947632,-8.026094,8.0,2.0
2025-03-08,Parangjoho,110.817714,-7.951409,49.5,7.0
2025-03-08,Sidorejo,111.135461,-7.946686,0.0,9.0
2025-03-08,SongPutri,110.831567,-7.992783,25.0,6.0
2025-03-08,Waduk Nawangan,110.897683,-8.041533,20.24,1.0
2025-03-09,Giriwoyo,110.947632,-8.026094,0.5,2.0
2025-03-09,Parangjoho,110.817714,-7.951409,0.0,7.0
2025-03-09,Sidorejo,111.135461,-7.946686,0.0,9.0
2025-03-09,SongPutri,110.831567,-7.992783,0.0,6.0
2025-03-09,Waduk Nawangan,110.897683,-8.041533,1.07,1.0
2025-03-10,Giriwoyo,110.947632,-8.026094,14.5,2.0
2025-03-10,Parangjoho,110.817714,-7.951409,18.5,7.0
2025-03-10,Sidorejo,111.135461,-7.946686,0.0,9.0
2025-03-10,SongPutri,110.831567,-7.992783,33.0,6.0
2025-03-10,Waduk Nawangan,110.897683,-8.041533,27.69,1.0
2025-03-11,Giriwoyo,110.947632,-8.026094,0.0,2.0
2025-03-11,Parangjoho,110.817714,-7.951409,0.0,7.0
2025-03-11,Sidorejo,111.135461,-7.946686,0.0,9.0
2025-03-11,SongPutri,110.831567,-7.992783,0.0,6.0
2025-03-11,Waduk Nawangan,110.897683,-8.041533,0.0,1.0
2025-03-12,Giriwoyo,110.947632,-8.026094,0.0,2.0
2025-03-12,Parangjoho,110.817714,-7.951409,1.5,7.0
2025-03-12,Sidorejo,111.135461,-7.946686,0.0,9.0
2025-03-12,SongPutri,110.831567,-7.992783,50.6,6.0
2025-03-12,Waduk Nawangan,110.897683,-8.041533,5.33,1.0
2025-03-13,Giriwoyo,110.947632,-8.026094,0.0,2.0
2025-03-13,Parangjoho,110.817714,-7.951409,3.5,7.0
2025-03-13,Sidorejo,111.135461,-7.946686,0.0,9.0
2025-03-13,SongPutri,110.831567,-7.992783,0.0,6.0
2025-03-13,Waduk Nawangan,110.897683,-8.041533,0.0,1.0
2025-03-14,Giriwoyo,110.947632,-8.026094,0.0,2.0
2025-03-14,Parangjoho,110.817714,-7.951409,0.0,7.0
2025-03-14,Sidorejo,111.135461,-7.946686,0.0,9.0
2025-03-14,SongPutri,110.831567,-7.992783,0.0,6.0
2025-03-14,Waduk Nawangan,110.897683,-8.041533,0.0,1.0
2025-03-15,Giriwoyo,110.947632,-8.026094,0.0,2.0
2025-03-15,Parangjoho,110.817714,-7.951409,0.0,7.0
2025-03-15,Sidorejo,111.135461,-7.946686,0.0,9.0
2025-03-15,SongPutri,110.831567,-7.992783,0.0,6.0
2025-03-15,Waduk Nawangan,110.897683,-8.041533,0.0,1.0
2025-03-16,Giriwoyo,110.947632,-8.026094,0.5,2.0
2025-03-16,Parangjoho,110.817714,-7.951409,5.5,7.0
2025-03-16,Sidorejo,111.135461,-7.946686,0.0,9.0
2025-03-16,SongPutri,110.831567,-7.992783,1.8,6.0
2025-03-16,Waduk Nawangan,110.897683,-8.041533,0.36,1.0
2025-03-17,Giriwoyo,110.947632,-8.026094,39.5,2.0
2025-03-17,Parangjoho,110.817714,-7.951409,18.5,7.0
2025-03-17,Sidorejo,111.135461,-7.946686,0.0,9.0
2025-03-17,SongPutri,110.831567,-7.992783,70.4,6.0
2025-03-17,Waduk Nawangan,110.897683,-8.041533,30.89,1.0
2025-03-18,Giriwoyo,110.947632,-8.026094,8.5,2.0
2025-03-18,Parangjoho,110.817714,-7.951409,0.5,7.0
2025-03-18,Sidorejo,111.135461,-7.946686,0.0,9.0
2025-03-18,SongPutri,110.831567,-7.992783,3.0,6.0
2025-03-18,Waduk Nawangan,110.897683,-8.041533,0.36,1.0
2025-03-19,Giriwoyo,110.947632,-8.026094,17.0,2.0
2025-03-19,Parangjoho,110.817714,-7.951409,11.5,7.0
2025-03-19,Sidorejo,111.135461,-7.946686,0.0,9.0
2025-03-19,SongPutri,110.831567,-7.992783,6.8,6.0
2025-03-19,Waduk Nawangan,110.897683,-8.041533,21.66,1.0
2025-03-20,Giriwoyo,110.947632,-8.026094,2.0,2.0
2025-03-20,Parangjoho,110.817714,-7.951409,0.0,7.0
2025-03-20,Sidorejo,111.135461,-7.946686,0.0,9.0
2025-03-20,SongPutri,110.831567,-7.992783,3.6,6.0
2025-03-20,Waduk Nawangan,110.897683,-8.041533,5.33,1.0
2025-03-21,Giriwoyo,110.947632,-8.026094,0.0,2.0
2025-03-21,Parangjoho,110.817714,-7.951409,0.0,7.0
2025-03-21,Sidorejo,111.135461,-7.946686,0.0,9.0
2025-03-21,SongPutri,110.831567,-7.992783,0.0,6.0
2025-03-21,Waduk Nawangan,110.897683,-8.041533,0.0,1.0
2025-03-22,Giriwoyo,110.947632,-8.026094,8.0,2.0
2025-03-22,Parangjoho,110.817714,-7.951409,0.5,7.0
2025-03-22,Sidorejo,111.135461,-7.946686,0.0,9.0
2025-03-22,SongPutri,110.831567,-7.992783,16.2,6.0
2025-03-22,Waduk Nawangan,110.897683,-8.041533,1.42,1.0
2025-03-23,Giriwoyo,110.947632,-8.026094,11.5,2.0
2025-03-23,Parangjoho,110.817714,-7.951409,11.0,7.0
2025-03-23,Sidorejo,111.135461,-7.946686,0.0,9.0
2025-03-23,SongPutri,110.831567,-7.992783,12.4,6.0
2025-03-23,Waduk Nawangan,110.897683,-8.041533,6.75,1.0
2025-03-24,Giriwoyo,110.947632,-8.026094,15.5,2.0
2025-03-24,Parangjoho,110.817714,-7.951409,12.5,7.0
2025-03-24,Sidorejo,111.135461,-7.946686,0.0,9.0
2025-03-24,SongPutri,110.831567,-7.992783,8.2,6.0
2025-03-24,Waduk Nawangan,110.897683,-8.041533,7.46,1.0
2025-03-25,Giriwoyo,110.947632,-8.026094,0.0,2.0
2025-03-25,Parangjoho,110.817714,-7.951409,14.0,7.0
2025-03-25,Sidorejo,111.135461,-7.946686,0.0,9.0
2025-03-25,SongPutri,110.831567,-7.992783,1.8,6.0
2025-03-25,Waduk Nawangan,110.897683,-8.041533,0.0,1.0
2025-03-26,Giriwoyo,110.947632,-8.026094,24.5,2.0
2025-03-26,Parangjoho,110.817714,-7.951409,30.5,7.0
2025-03-26,Sidorejo,111.135461,-7.946686,0.0,9.0
2025-03-26,SongPutri,110.831567,-7.992783,9.8,6.0
2025-03-26,Waduk Nawangan,110.897683,-8.041533,4.97,1.0
2025-03-27,Giriwoyo,110.947632,-8.026094,17.0,2.0
2025-03-27,Parangjoho,110.817714,-7.951409,2.0,7.0
2025-03-27,Sidorejo,111.135461,-7.946686,0.0,9.0
2025-03-27,SongPutri,110.831567,-7.992783,3.0,6.0
2025-03-27,Waduk Nawangan,110.897683,-8.041533,4.26,1.0
2025-03-28,Giriwoyo,110.947632,-8.026094,152.5,2.0
2025-03-28,Parangjoho,110.817714,-7.951409,77.0,7.0
2025-03-28,Sidorejo,111.135461,-7.946686,0.0,9.0
2025-03-28,SongPutri,110.831567,-7.992783,85.4,6.0
2025-03-28,Waduk Nawangan,110.897683,-8.041533,76.68,1.0
2025-03-29,Giriwoyo,110.947632,-8.026094,1.0,2.0
2025-03-29,Parangjoho,110.817714,-7.951409,1.5,7.0
2025-03-29,Sidorejo,111.135461,-7.946686,0.0,9.0
2025-03-29,SongPutri,110.831567,-7.992783,2.8,6.0
2025-03-29,Waduk Nawangan,110.897683,-8.041533,1.78,1.0
2025-03-30,Giriwoyo,110.947632,-8.026094,0.0,2.0
2025-03-30,Parangjoho,110.817714,-7.951409,0.0,7.0
2025-03-30,Sidorejo,111.135461,-7.946686,0.0,9.0
2025-03-30,SongPutri,110.831567,-7.992783,0.0,6.0
2025-03-30,Waduk Nawangan,110.897683,-8.041533,0.0,1.0
2025-03-31,Giriwoyo,110.947632,-8.026094,0.0,2.0
2025-03-31,Parangjoho,110.817714,-7.951409,0.0,7.0
2025-03-31,Sidorejo,111.135461,-7.946686,0.0,9.0
2025-03-31,SongPutri,110.831567,-7.992783,0.0,6.0
2025-03-31,Waduk Nawangan,110.897683,-8.041533,0.0,1.0
2025-04-01,Giriwoyo,110.947632,-8.026094,3.5,2.0
2025-04-01,Parangjoho,110.817714,-7.951409,1.0,7.0
2025-04-01,Sidorejo,111.135461,-7.946686,0.0,9.0
2025-04-01,SongPutri,110.831567,-7.992783,0.0,6.0
2025-04-01,Waduk Nawangan,110.897683,-8.041533,0.0,1.0
2025-04-02,Giriwoyo,110.947632,-8.026094,11.0,2.0
2025-04-02,Parangjoho,110.817714,-7.951409,1.5,7.0
2025-04-02,Sidorejo,111.135461,-7.946686,0.0,9.0
2025-04-02,SongPutri,110.831567,-7.992783,0.2,6.0
2025-04-02,Waduk Nawangan,110.897683,-8.041533,0.0,1.0
2025-04-03,Giriwoyo,110.947632,-8.026094,1.0,2.0
2025-04-03,Parangjoho,110.817714,-7.951409,4.0,7.0
2025-04-03,Sidorejo,111.135461,-7.946686,0.0,9.0
2025-04-03,SongPutri,110.831567,-7.992783,4.2,6.0
2025-04-03,Waduk Nawangan,110.897683,-8.041533,0.36,1.0
2025-04-04,Giriwoyo,110.947632,-8.026094,0.0,2.0
2025-04-04,Parangjoho,110.817714,-7.951409,0.0,7.0
2025-04-04,Sidorejo,111.135461,-7.946686,0.0,9.0
2025-04-04,SongPutri,110.831567,-7.992783,0.0,6.0
2025-04-04,Waduk Nawangan,110.897683,-8.041533,0.0,1.0
2025-04-05,Giriwoyo,110.947632,-8.026094,0.0,2.0
2025-04-05,Parangjoho,110.817714,-7.951409,0.0,7.0
2025-04-05,Sidorejo,111.135461,-7.946686,0.0,9.0
2025-04-05,SongPutri,110.831567,-7.992783,0.0,6.0
2025-04-05,Waduk Nawangan,110.897683,-8.041533,0.0,1.0
2025-04-06,Giriwoyo,110.947632,-8.026094,0.0,2.0
2025-04-06,Parangjoho,110.817714,-7.951409,0.0,7.0
2025-04-06,Sidorejo,111.135461,-7.946686,0.0,9.0
2025-04-06,SongPutri,110.831567,-7.992783,0.0,6.0
2025-04-06,Waduk Nawangan,110.897683,-8.041533,0.0,1.0
2025-04-07,Giriwoyo,110.947632,-8.026094,0.0,2.0
2025-04-07,Parangjoho,110.817714,-7.951409,0.0,7.0
2025-04-07,Sidorejo,111.135461,-7.946686,0.0,9.0
2025-04-07,SongPutri,110.831567,-7.992783,0.0,6.0
2025-04-07,Waduk Nawangan,110.897683,-8.041533,0.0,1.0
2025-04-08,Giriwoyo,110.947632,-8.026094,4.0,2.0
2025-04-08,Parangjoho,110.817714,-7.951409,4.0,7.0
2025-04-08,Sidorejo,111.135461,-7.946686,0.0,9.0
2025-04-08,SongPutri,110.831567,-7.992783,3.6,6.0
2025-04-08,Waduk Nawangan,110.897683,-8.041533,2.13,1.0
2025-04-09,Giriwoyo,110.947632,-8.026094,0.0,2.0
2025-04-09,Parangjoho,110.817714,-7.951409,0.5,7.0
2025-04-09,Sidorejo,111.135461,-7.946686,0.0,9.0
2025-04-09,SongPutri,110.831567,-7.992783,0.0,6.0
2025-04-09,Waduk Nawangan,110.897683,-8.041533,0.0,1.0
2025-04-10,Giriwoyo,110.947632,-8.026094,10.0,2.0
2025-04-10,Parangjoho,110.817714,-7.951409,32.5,7.0
2025-04-10,Sidorejo,111.135461,-7.946686,0.0,9.0
2025-04-10,SongPutri,110.831567,-7.992783,7.0,6.0
2025-04-10,Waduk Nawangan,110.897683,-8.041533,44.02,1.0
2025-04-11,Giriwoyo,110.947632,-8.026094,3.0,2.0
2025-04-11,Parangjoho,110.817714,-7.951409,6.0,7.0
2025-04-11,Sidorejo,111.135461,-7.946686,0.0,9.0
2025-04-11,SongPutri,110.831567,-7.992783,28.8,6.0
2025-04-11,Waduk Nawangan,110.897683,-8.041533,0.0,1.0
2025-04-12,Giriwoyo,110.947632,-8.026094,19.0,2.0
2025-04-12,Parangjoho,110.817714,-7.951409,31.0,7.0
2025-04-12,Sidorejo,111.135461,-7.946686,0.0,9.0
2025-04-12,SongPutri,110.831567,-7.992783,12.8,6.0
2025-04-12,Waduk Nawangan,110.897683,-8.041533,3.2,1.0
2025-04-13,Giriwoyo,110.947632,-8.026094,1.0,2.0
2025-04-13,Parangjoho,110.817714,-7.951409,5.0,7.0
2025-04-13,Sidorejo,111.135461,-7.946686,0.0,9.0
2025-04-13,SongPutri,110.831567,-7.992783,7.0,6.0
2025-04-13,Waduk Nawangan,110.897683,-8.041533,0.36,1.0
2025-04-14,Giriwoyo,110.947632,-8.026094,0.0,2.0
2025-04-14,Parangjoho,110.817714,-7.951409,0.5,7.0
2025-04-14,Sidorejo,111.135461,-7.946686,0.0,9.0
2025-04-14,SongPutri,110.831567,-7.992783,0.0,6.0
2025-04-14,Waduk Nawangan,110.897683,-8.041533,0.36,1.0
2025-04-15,Giriwoyo,110.947632,-8.026094,0.0,2.0
2025-04-15,Parangjoho,110.817714,-7.951409,0.0,7.0
2025-04-15,Sidorejo,111.135461,-7.946686,0.0,9.0
2025-04-15,SongPutri,110.831567,-7.992783,0.0,6.0
2025-04-15,Waduk Nawangan,110.897683,-8.041533,0.0,1.0
2025-04-16,Giriwoyo,110.947632,-8.026094,0.0,2.0
2025-04-16,Parangjoho,110.817714,-7.951409,0.0,7.0
2025-04-16,Sidorejo,111.135461,-7.946686,0.0,9.0
2025-04-16,SongPutri,110.831567,-7.992783,0.0,6.0
2025-04-16,Waduk Nawangan,110.897683,-8.041533,0.0,1.0
2025-04-17,Giriwoyo,110.947632,-8.026094,21.5,2.0
2025-04-17,Parangjoho,110.817714,-7.951409,0.0,7.0
2025-04-17,Sidorejo,111.135461,-7.946686,0.0,9.0
2025-04-17,SongPutri,110.831567,-7.992783,0.0,6.0
2025-04-17,Waduk Nawangan,110.897683,-8.041533,0.0,1.0
2025-04-18,Giriwoyo,110.947632,-8.026094,13.5,2.0
2025-04-18,Parangjoho,110.817714,-7.951409,27.5,7.0
2025-04-18,Sidorejo,111.135461,-7.946686,0.0,9.0
2025-04-18,SongPutri,110.831567,-7.992783,65.6,6.0
2025-04-18,Waduk Nawangan,110.897683,-8.041533,19.88,1.0
2025-04-19,Giriwoyo,110.947632,-8.026094,2.5,2.0
2025-04-19,Parangjoho,110.817714,-7.951409,0.0,7.0
2025-04-19,Sidorejo,111.135461,-7.946686,0.5,9.0
2025-04-19,SongPutri,110.831567,-7.992783,0.0,6.0
2025-04-19,Waduk Nawangan,110.897683,-8.041533,1.78,1.0
2025-04-20,Giriwoyo,110.947632,-8.026094,1.0,2.0
2025-04-20,Parangjoho,110.817714,-7.951409,3.5,7.0
2025-04-20,Sidorejo,111.135461,-7.946686,0.0,9.0
2025-04-20,SongPutri,110.831567,-7.992783,11.0,6.0
2025-04-20,Waduk Nawangan,110.897683,-8.041533,0.36,1.0
2025-04-21,Giriwoyo,110.947632,-8.026094,4.5,2.0
2025-04-21,Parangjoho,110.817714,-7.951409,13.5,7.0
2025-04-21,Sidorejo,111.135461,-7.946686,0.0,9.0
2025-04-21,SongPutri,110.831567,-7.992783,11.6,6.0
2025-04-21,Waduk Nawangan,110.897683,-8.041533,11.72,1.0
2025-04-22,Giriwoyo,110.947632,-8.026094,0.0,2.0
2025-04-22,Parangjoho,110.817714,-7.951409,2.5,7.0
2025-04-22,Sidorejo,111.135461,-7.946686,0.0,9.0
2025-04-22,SongPutri,110.831567,-7.992783,0.2,6.0
2025-04-22,Waduk Nawangan,110.897683,-8.041533,0.0,1.0
2025-04-23,Giriwoyo,110.947632,-8.026094,0.0,2.0
2025-04-23,Parangjoho,110.817714,-7.951409,0.0,7.0
2025-04-23,Sidorejo,111.135461,-7.946686,0.0,9.0
2025-04-23,SongPutri,110.831567,-7.992783,1.0,6.0
2025-04-23,Waduk Nawangan,110.897683,-8.041533,0.0,1.0
2025-04-24,Giriwoyo,110.947632,-8.026094,0.0,2.0
2025-04-24,Parangjoho,110.817714,-7.951409,0.0,7.0
2025-04-24,Sidorejo,111.135461,-7.946686,0.0,9.0
2025-04-24,SongPutri,110.831567,-7.992783,0.0,6.0
2025-04-24,Waduk Nawangan,110.897683,-8.041533,0.0,1.0
2025-04-25,Giriwoyo,110.947632,-8.026094,0.0,2.0
2025-04-25,Parangjoho,110.817714,-7.951409,0.0,7.0
2025-04-25,Sidorejo,111.135461,-7.946686,0.0,9.0
2025-04-25,SongPutri,110.831567,-7.992783,0.0,6.0
2025-04-25,Waduk Nawangan,110.897683,-8.041533,0.0,1.0
2025-04-26,Giriwoyo,110.947632,-8.026094,0.0,2.0
2025-04-26,Parangjoho,110.817714,-7.951409,0.0,7.0
2025-04-26,Sidorejo,111.135461,-7.946686,0.0,9.0
2025-04-26,SongPutri,110.831567,-7.992783,0.0,6.0
2025-04-26,Waduk Nawangan,110.897683,-8.041533,0.0,1.0
2025-04-27,Giriwoyo,110.947632,-8.026094,0.0,2.0
2025-04-27,Parangjoho,110.817714,-7.951409,0.0,7.0
2025-04-27,Sidorejo,111.135461,-7.946686,0.0,9.0
2025-04-27,SongPutri,110.831567,-7.992783,0.0,6.0
2025-04-27,Waduk Nawangan,110.897683,-8.041533,0.36,1.0
2025-04-28,Giriwoyo,110.947632,-8.026094,0.0,2.0
2025-04-28,Parangjoho,110.817714,-7.951409,0.0,7.0
2025-04-28,Sidorejo,111.135461,-7.946686,0.0,9.0
2025-04-28,SongPutri,110.831567,-7.992783,0.0,6.0
2025-04-28,Waduk Nawangan,110.897683,-8.041533,0.0,1.0
2025-04-29,Giriwoyo,110.947632,-8.026094,0.0,2.0
2025-04-29,Parangjoho,110.817714,-7.951409,0.0,7.0
2025-04-29,Sidorejo,111.135461,-7.946686,0.0,9.0
2025-04-29,SongPutri,110.831567,-7.992783,0.0,6.0
2025-04-29,Waduk Nawangan,110.897683,-8.041533,0.0,1.0
2025-04-30,Giriwoyo,110.947632,-8.026094,0.0,2.0
2025-04-30,Parangjoho,110.817714,-7.951409,0.0,7.0
2025-04-30,Sidorejo,111.135461,-7.946686,0.0,9.0
2025-04-30,SongPutri,110.831567,-7.992783,0.0,6.0
2025-04-30,Waduk Nawangan,110.897683,-8.041533,0.0,1.0
2025-05-01,Giriwoyo,110.947632,-8.026094,0.0,2.0
2025-05-01,Parangjoho,110.817714,-7.951409,0.0,7.0
2025-05-01,Sidorejo,111.135461,-7.946686,0.0,9.0
2025-05-01,SongPutri,110.831567,-7.992783,0.0,6.0
2025-05-01,Waduk Nawangan,110.897683,-8.041533,0.0,1.0
2025-05-02,Giriwoyo,110.947632,-8.026094,8.0,2.0
2025-05-02,Parangjoho,110.817714,-7.951409,0.0,7.0
2025-05-02,Sidorejo,111.135461,-7.946686,0.0,9.0
2025-05-02,SongPutri,110.831567,-7.992783,0.4,6.0
2025-05-02,Waduk Nawangan,110.897683,-8.041533,8.17,1.0
2025-05-03,Giriwoyo,110.947632,-8.026094,6.5,2.0
2025-05-03,Parangjoho,110.817714,-7.951409,6.0,7.0
2025-05-03,Sidorejo,111.135461,-7.946686,0.0,9.0
2025-05-03,SongPutri,110.831567,-7.992783,0.0,6.0
2025-05-03,Waduk Nawangan,110.897683,-8.041533,0.36,1.0
2025-05-04,Giriwoyo,110.947632,-8.026094,1.0,2.0
2025-05-04,Parangjoho,110.817714,-7.951409,0.0,7.0
2025-05-04,Sidorejo,111.135461,-7.946686,0.0,9.0
2025-05-04,SongPutri,110.831567,-7.992783,6.4,6.0
2025-05-04,Waduk Nawangan,110.897683,-8.041533,31.24,1.0
2025-05-05,Giriwoyo,110.947632,-8.026094,0.5,2.0
2025-05-05,Parangjoho,110.817714,-7.951409,0.0,7.0
2025-05-05,Sidorejo,111.135461,-7.946686,0.0,9.0
2025-05-05,SongPutri,110.831567,-7.992783,0.0,6.0
2025-05-05,Waduk Nawangan,110.897683,-8.041533,0.71,1.0
2025-05-06,Giriwoyo,110.947632,-8.026094,0.5,2.0
2025-05-06,Parangjoho,110.817714,-7.951409,0.5,7.0
2025-05-06,Sidorejo,111.135461,-7.946686,0.0,9.0
2025-05-06,SongPutri,110.831567,-7.992783,11.0,6.0
2025-05-06,Waduk Nawangan,110.897683,-8.041533,0.36,1.0
2025-05-07,Giriwoyo,110.947632,-8.026094,1.0,2.0
2025-05-07,Parangjoho,110.817714,-7.951409,5.0,7.0
2025-05-07,Sidorejo,111.135461,-7.946686,0.0,9.0
2025-05-07,SongPutri,110.831567,-7.992783,22.4,6.0
2025-05-07,Waduk Nawangan,110.897683,-8.041533,0.0,1.0
2025-05-08,Giriwoyo,110.947632,-8.026094,0.0,2.0
2025-05-08,Parangjoho,110.817714,-7.951409,0.0,7.0
2025-05-08,Sidorejo,111.135461,-7.946686,0.0,9.0
2025-05-08,SongPutri,110.831567,-7.992783,0.0,6.0
2025-05-08,Waduk Nawangan,110.897683,-8.041533,0.0,1.0
2025-05-09,Giriwoyo,110.947632,-8.026094,31.5,2.0
2025-05-09,Parangjoho,110.817714,-7.951409,19.5,7.0
2025-05-09,Sidorejo,111.135461,-7.946686,0.0,9.0
2025-05-09,SongPutri,110.831567,-7.992783,57.0,6.0
2025-05-09,Waduk Nawangan,110.897683,-8.041533,6.75,1.0
2025-05-10,Giriwoyo,110.947632,-8.026094,0.5,2.0
2025-05-10,Parangjoho,110.817714,-7.951409,0.0,7.0
2025-05-10,Sidorejo,111.135461,-7.946686,0.0,9.0
2025-05-10,SongPutri,110.831567,-7.992783,0.4,6.0
2025-05-10,Waduk Nawangan,110.897683,-8.041533,0.0,1.0
2025-05-11,Giriwoyo,110.947632,-8.026094,1.0,2.0
2025-05-11,Parangjoho,110.817714,-7.951409,0.0,7.0
2025-05-11,Sidorejo,111.135461,-7.946686,0.0,9.0
2025-05-11,SongPutri,110.831567,-7.992783,1.6,6.0
2025-05-11,Waduk Nawangan,110.897683,-8.041533,12.07,1.0
2025-05-12,Giriwoyo,110.947632,-8.026094,18.5,2.0
2025-05-12,Parangjoho,110.817714,-7.951409,1.5,7.0
2025-05-12,Sidorejo,111.135461,-7.946686,0.0,9.0
2025-05-12,SongPutri,110.831567,-7.992783,11.6,6.0
2025-05-12,Waduk Nawangan,110.897683,-8.041533,8.88,1.0
2025-05-13,Giriwoyo,110.947632,-8.026094,10.0,2.0
2025-05-13,Parangjoho,110.817714,-7.951409,19.0,7.0
2025-05-13,Sidorejo,111.135461,-7.946686,0.0,9.0
2025-05-13,SongPutri,110.831567,-7.992783,22.2,6.0
2025-05-13,Waduk Nawangan,110.897683,-8.041533,1.78,1.0
2025-05-14,Giriwoyo,110.947632,-8.026094,13.0,2.0
2025-05-14,Parangjoho,110.817714,-7.951409,3.0,7.0
2025-05-14,Sidorejo,111.135461,-7.946686,0.0,9.0
2025-05-14,SongPutri,110.831567,-7.992783,2.6,6.0
2025-05-14,Waduk Nawangan,110.897683,-8.041533,2.49,1.0
2025-05-15,Giriwoyo,110.947632,-8.026094,40.0,2.0
2025-05-15,Parangjoho,110.817714,-7.951409,32.5,7.0
2025-05-15,Sidorejo,111.135461,-7.946686,0.0,9.0
2025-05-15,SongPutri,110.831567,-7.992783,23.0,6.0
2025-05-15,Waduk Nawangan,110.897683,-8.041533,15.27,1.0
2025-05-16,Giriwoyo,110.947632,-8.026094,1.5,2.0
2025-05-16,Parangjoho,110.817714,-7.951409,5.5,7.0
2025-05-16,Sidorejo,111.135461,-7.946686,0.0,9.0
2025-05-16,SongPutri,110.831567,-7.992783,10.0,6.0
2025-05-16,Waduk Nawangan,110.897683,-8.041533,2.13,1.0
2025-05-17,Giriwoyo,110.947632,-8.026094,0.0,2.0
2025-05-17,Parangjoho,110.817714,-7.951409,17.0,7.0
2025-05-17,Sidorejo,111.135461,-7.946686,0.0,9.0
2025-05-17,SongPutri,110.831567,-7.992783,31.6,6.0
2025-05-17,Waduk Nawangan,110.897683,-8.041533,0.0,1.0
2025-05-18,Giriwoyo,110.947632,-8.026094,0.0,2.0
2025-05-18,Parangjoho,110.817714,-7.951409,11.0,7.0
2025-05-18,Sidorejo,111.135461,-7.946686,0.0,9.0
2025-05-18,SongPutri,110.831567,-7.992783,1.4,6.0
2025-05-18,Waduk Nawangan,110.897683,-8.041533,0.0,1.0
2025-05-19,Giriwoyo,110.947632,-8.026094,13.5,2.0
2025-05-19,Parangjoho,110.817714,-7.951409,27.5,7.0
2025-05-19,Sidorejo,111.135461,-7.946686,0.0,9.0
2025-05-19,SongPutri,110.831567,-7.992783,0.8,6.0
2025-05-19,Waduk Nawangan,110.897683,-8.041533,0.36,1.0
2025-05-20,Giriwoyo,110.947632,-8.026094,7.0,2.0
2025-05-20,Parangjoho,110.817714,-7.951409,1.5,7.0
2025-05-20,Sidorejo,111.135461,-7.946686,0.0,9.0
2025-05-20,SongPutri,110.831567,-7.992783,16.6,6.0
2025-05-20,Waduk Nawangan,110.897683,-8.041533,1.42,1.0
2025-05-21,Giriwoyo,110.947632,-8.026094,0.0,2.0
2025-05-21,Parangjoho,110.817714,-7.951409,0.5,7.0
2025-05-21,Sidorejo,111.135461,-7.946686,0.0,9.0
2025-05-21,SongPutri,110.831567,-7.992783,2.0,6.0
2025-05-21,Waduk Nawangan,110.897683,-8.041533,0.36,1.0
2025-05-22,Giriwoyo,110.947632,-8.026094,31.0,2.0
2025-05-22,Parangjoho,110.817714,-7.951409,26.5,7.0
2025-05-22,Sidorejo,111.135461,-7.946686,0.0,9.0
2025-05-22,SongPutri,110.831567,-7.992783,10.0,6.0
2025-05-22,Waduk Nawangan,110.897683,-8.041533,9.59,1.0
2025-05-23,Giriwoyo,110.947632,-8.026094,1.0,2.0
2025-05-23,Parangjoho,110.817714,-7.951409,5.0,7.0
2025-05-23,Sidorejo,111.135461,-7.946686,12.0,9.0
2025-05-23,SongPutri,110.831567,-7.992783,0.6,6.0
2025-05-23,Waduk Nawangan,110.897683,-8.041533,1.07,1.0
2025-05-24,Giriwoyo,110.947632,-8.026094,0.0,2.0
2025-05-24,Parangjoho,110.817714,-7.951409,0.0,7.0
2025-05-24,Sidorejo,111.135461,-7.946686,0.0,9.0
2025-05-24,SongPutri,110.831567,-7.992783,0.0,6.0
2025-05-24,Waduk Nawangan,110.897683,-8.041533,0.0,1.0
2025-05-25,Giriwoyo,110.947632,-8.026094,0.0,2.0
2025-05-25,Parangjoho,110.817714,-7.951409,0.0,7.0
2025-05-25,Sidorejo,111.135461,-7.946686,0.0,9.0
2025-05-25,SongPutri,110.831567,-7.992783,0.0,6.0
2025-05-25,Waduk Nawangan,110.897683,-8.041533,0.0,1.0
2025-05-26,Giriwoyo,110.947632,-8.026094,24.5,2.0
2025-05-26,Parangjoho,110.817714,-7.951409,10.5,7.0
2025-05-26,Sidorejo,111.135461,-7.946686,15.0,9.0
2025-05-26,SongPutri,110.831567,-7.992783,13.6,6.0
2025-05-26,Waduk Nawangan,110.897683,-8.041533,9.94,1.0
2025-05-27,Giriwoyo,110.947632,-8.026094,0.0,2.0
2025-05-27,Parangjoho,110.817714,-7.951409,0.0,7.0
2025-05-27,Sidorejo,111.135461,-7.946686,0.0,9.0
2025-05-27,SongPutri,110.831567,-7.992783,0.0,6.0
2025-05-27,Waduk Nawangan,110.897683,-8.041533,0.0,1.0
2025-05-28,Giriwoyo,110.947632,-8.026094,0.0,2.0
2025-05-28,Parangjoho,110.817714,-7.951409,0.0,7.0
2025-05-28,Sidorejo,111.135461,-7.946686,0.0,9.0
2025-05-28,SongPutri,110.831567,-7.992783,0.0,6.0
2025-05-28,Waduk Nawangan,110.897683,-8.041533,0.0,1.0
2025-05-29,Giriwoyo,110.947632,-8.026094,0.0,2.0
2025-05-29,Parangjoho,110.817714,-7.951409,0.0,7.0
2025-05-29,Sidorejo,111.135461,-7.946686,0.0,9.0
2025-05-29,SongPutri,110.831567,-7.992783,0.0,6.0
2025-05-29,Waduk Nawangan,110.897683,-8.041533,0.0,1.0
2025-05-30,Giriwoyo,110.947632,-8.026094,0.0,2.0
2025-05-30,Parangjoho,110.817714,-7.951409,0.0,7.0
2025-05-30,Sidorejo,111.135461,-7.946686,1.5,9.0
2025-05-30,SongPutri,110.831567,-7.992783,0.0,6.0
2025-05-30,Waduk Nawangan,110.897683,-8.041533,0.0,1.0
2025-05-31,Giriwoyo,110.947632,-8.026094,92.0,2.0
2025-05-31,Parangjoho,110.817714,-7.951409,40.0,7.0
2025-05-31,Sidorejo,111.135461,-7.946686,70.0,9.0
2025-05-31,SongPutri,110.831567,-7.992783,47.0,6.0
2025-05-31,Waduk Nawangan,110.897683,-8.041533,24.85,1.0
2025-06-01,Giriwoyo,110.947632,-8.026094,0.0,2.0
2025-06-01,Parangjoho,110.817714,-7.951409,0.0,7.0
2025-06-01,Sidorejo,111.135461,-7.946686,0.0,9.0
2025-06-01,SongPutri,110.831567,-7.992783,0.0,6.0
2025-06-01,Waduk Nawangan,110.897683,-8.041533,0.0,1.0
2025-06-02,Giriwoyo,110.947632,-8.026094,0.0,2.0
2025-06-02,Parangjoho,110.817714,-7.951409,0.0,7.0
2025-06-02,Sidorejo,111.135461,-7.946686,0.0,9.0
2025-06-02,SongPutri,110.831567,-7.992783,0.0,6.0
2025-06-02,Waduk Nawangan,110.897683,-8.041533,0.0,1.0
2025-06-03,Giriwoyo,110.947632,-8.026094,0.0,2.0
2025-06-03,Parangjoho,110.817714,-7.951409,0.0,7.0
2025-06-03,Sidorejo,111.135461,-7.946686,0.0,9.0
2025-06-03,SongPutri,110.831567,-7.992783,0.0,6.0
2025-06-03,Waduk Nawangan,110.897683,-8.041533,0.0,1.0
2025-06-04,Giriwoyo,110.947632,-8.026094,15.5,2.0
2025-06-04,Parangjoho,110.817714,-7.951409,2.5,7.0
2025-06-04,Sidorejo,111.135461,-7.946686,0.0,9.0
2025-06-04,SongPutri,110.831567,-7.992783,0.0,6.0
2025-06-04,Waduk Nawangan,110.897683,-8.041533,0.0,1.0
2025-06-05,Giriwoyo,110.947632,-8.026094,0.0,2.0
2025-06-05,Parangjoho,110.817714,-7.951409,0.0,7.0
2025-06-05,Sidorejo,111.135461,-7.946686,0.0,9.0
2025-06-05,SongPutri,110.831567,-7.992783,0.0,6.0
2025-06-05,Waduk Nawangan,110.897683,-8.041533,0.0,1.0
2025-06-06,Giriwoyo,110.947632,-8.026094,0.0,2.0
2025-06-06,Parangjoho,110.817714,-7.951409,0.0,7.0
2025-06-06,Sidorejo,111.135461,-7.946686,0.0,9.0
2025-06-06,SongPutri,110.831567,-7.992783,0.0,6.0
2025-06-06,Waduk Nawangan,110.897683,-8.041533,0.0,1.0
2025-06-07,Giriwoyo,110.947632,-8.026094,0.0,2.0
2025-06-07,Parangjoho,110.817714,-7.951409,0.0,7.0
2025-06-07,Sidorejo,111.135461,-7.946686,0.0,9.0
2025-06-07,SongPutri,110.831567,-7.992783,0.0,6.0
2025-06-07,Waduk Nawangan,110.897683,-8.041533,0.0,1.0
2025-06-08,Giriwoyo,110.947632,-8.026094,3.0,2.0
2025-06-08,Parangjoho,110.817714,-7.951409,1.0,7.0
2025-06-08,Sidorejo,111.135461,-7.946686,0.0,9.0
2025-06-08,SongPutri,110.831567,-7.992783,0.4,6.0
2025-06-08,Waduk Nawangan,110.897683,-8.041533,1.42,1.0
2025-06-09,Giriwoyo,110.947632,-8.026094,3.5,2.0
2025-06-09,Parangjoho,110.817714,-7.951409,0.0,7.0
2025-06-09,Sidorejo,111.135461,-7.946686,2.0,9.0
2025-06-09,SongPutri,110.831567,-7.992783,0.0,6.0
2025-06-09,Waduk Nawangan,110.897683,-8.041533,0.0,1.0
2025-06-10,Giriwoyo,110.947632,-8.026094,4.5,2.0
2025-06-10,Parangjoho,110.817714,-7.951409,1.0,7.0
2025-06-10,Sidorejo,111.135461,-7.946686,3.0,9.0
2025-06-10,SongPutri,110.831567,-7.992783,0.0,6.0
2025-06-10,Waduk Nawangan,110.897683,-8.041533,3.55,1.0
2025-06-11,Giriwoyo,110.947632,-8.026094,0.0,2.0
2025-06-11,Parangjoho,110.817714,-7.951409,0.0,7.0
2025-06-11,Sidorejo,111.135461,-7.946686,0.0,9.0
2025-06-11,SongPutri,110.831567,-7.992783,0.0,6.0
2025-06-11,Waduk Nawangan,110.897683,-8.041533,0.0,1.0
2025-06-12,Giriwoyo,110.947632,-8.026094,0.0,2.0
2025-06-12,Parangjoho,110.817714,-7.951409,0.0,7.0
2025-06-12,Sidorejo,111.135461,-7.946686,0.0,9.0
2025-06-12,SongPutri,110.831567,-7.992783,0.0,6.0
2025-06-12,Waduk Nawangan,110.897683,-8.041533,0.0,1.0
2025-06-13,Giriwoyo,110.947632,-8.026094,0.0,2.0
2025-06-13,Parangjoho,110.817714,-7.951409,0.0,7.0
2025-06-13,Sidorejo,111.135461,-7.946686,0.0,9.0
2025-06-13,SongPutri,110.831567,-7.992783,0.0,6.0
2025-06-13,Waduk Nawangan,110.897683,-8.041533,0.0,1.0
2025-06-14,Giriwoyo,110.947632,-8.026094,10.0,2.0
2025-06-14,Parangjoho,110.817714,-7.951409,26.5,7.0
2025-06-14,Sidorejo,111.135461,-7.946686,0.0,9.0
2025-06-14,SongPutri,110.831567,-7.992783,26.0,6.0
2025-06-14,Waduk Nawangan,110.897683,-8.041533,21.3,1.0
2025-06-15,Giriwoyo,110.947632,-8.026094,1.0,2.0
2025-06-15,Parangjoho,110.817714,-7.951409,0.0,7.0
2025-06-15,Sidorejo,111.135461,-7.946686,0.0,9.0
2025-06-15,SongPutri,110.831567,-7.992783,0.0,6.0
2025-06-15,Waduk Nawangan,110.897683,-8.041533,0.0,1.0
2025-06-16,Giriwoyo,110.947632,-8.026094,1.0,2.0
2025-06-16,Parangjoho,110.817714,-7.951409,2.5,7.0
2025-06-16,Sidorejo,111.135461,-7.946686,10.5,9.0
2025-06-16,SongPutri,110.831567,-7.992783,22.6,6.0
2025-06-16,Waduk Nawangan,110.897683,-8.041533,8.17,1.0
2025-06-17,Giriwoyo,110.947632,-8.026094,0.5,2.0
2025-06-17,Parangjoho,110.817714,-7.951409,0.0,7.0
2025-06-17,Sidorejo,111.135461,-7.946686,0.0,9.0
2025-06-17,SongPutri,110.831567,-7.992783,0.0,6.0
2025-06-17,Waduk Nawangan,110.897683,-8.041533,0.0,1.0
2025-06-18,Giriwoyo,110.947632,-8.026094,0.5,2.0
2025-06-18,Parangjoho,110.817714,-7.951409,0.0,7.0
2025-06-18,Sidorejo,111.135461,-7.946686,0.0,9.0
2025-06-18,SongPutri,110.831567,-7.992783,0.0,6.0
2025-06-18,Waduk Nawangan,110.897683,-8.041533,0.0,1.0
2025-06-19,Giriwoyo,110.947632,-8.026094,0.5,2.0
2025-06-19,Parangjoho,110.817714,-7.951409,0.0,7.0
2025-06-19,Sidorejo,111.135461,-7.946686,0.0,9.0
2025-06-19,SongPutri,110.831567,-7.992783,0.0,6.0
2025-06-19,Waduk Nawangan,110.897683,-8.041533,0.0,1.0
2025-06-20,Giriwoyo,110.947632,-8.026094,0.0,2.0
2025-06-20,Parangjoho,110.817714,-7.951409,0.0,7.0
2025-06-20,Sidorejo,111.135461,-7.946686,0.0,9.0
2025-06-20,SongPutri,110.831567,-7.992783,0.0,6.0
2025-06-20,Waduk Nawangan,110.897683,-8.041533,0.0,1.0
2025-06-21,Giriwoyo,110.947632,-8.026094,0.5,2.0
2025-06-21,Parangjoho,110.817714,-7.951409,1.0,7.0
2025-06-21,Sidorejo,111.135461,-7.946686,0.0,9.0
2025-06-21,SongPutri,110.831567,-7.992783,0.0,6.0
2025-06-21,Waduk Nawangan,110.897683,-8.041533,0.0,1.0
2025-06-22,Giriwoyo,110.947632,-8.026094,0.0,2.0
2025-06-22,Parangjoho,110.817714,-7.951409,0.0,7.0
2025-06-22,Sidorejo,111.135461,-7.946686,0.0,9.0
2025-06-22,SongPutri,110.831567,-7.992783,0.0,6.0
2025-06-22,Waduk Nawangan,110.897683,-8.041533,0.0,1.0
2025-06-23,Giriwoyo,110.947632,-8.026094,0.5,2.0
2025-06-23,Parangjoho,110.817714,-7.951409,1.5,7.0
2025-06-23,Sidorejo,111.135461,-7.946686,4.5,9.0
2025-06-23,SongPutri,110.831567,-7.992783,0.0,6.0
2025-06-23,Waduk Nawangan,110.897683,-8.041533,0.0,1.0
2025-06-24,Giriwoyo,110.947632,-8.026094,0.0,2.0
2025-06-24,Parangjoho,110.817714,-7.951409,0.0,7.0
2025-06-24,Sidorejo,111.135461,-7.946686,0.0,9.0
2025-06-24,SongPutri,110.831567,-7.992783,0.0,6.0
2025-06-24,Waduk Nawangan,110.897683,-8.041533,0.0,1.0
2025-06-25,Giriwoyo,110.947632,-8.026094,0.5,2.0
2025-06-25,Parangjoho,110.817714,-7.951409,0.0,7.0
2025-06-25,Sidorejo,111.135461,-7.946686,0.0,9.0
2025-06-25,SongPutri,110.831567,-7.992783,0.0,6.0
2025-06-25,Waduk Nawangan,110.897683,-8.041533,0.0,1.0
2025-06-26,Giriwoyo,110.947632,-8.026094,0.0,2.0
2025-06-26,Parangjoho,110.817714,-7.951409,0.5,7.0
2025-06-26,Sidorejo,111.135461,-7.946686,0.0,9.0
2025-06-26,SongPutri,110.831567,-7.992783,1.0,6.0
2025-06-26,Waduk Nawangan,110.897683,-8.041533,2.49,1.0
2025-06-27,Giriwoyo,110.947632,-8.026094,0.5,2.0
2025-06-27,Parangjoho,110.817714,-7.951409,0.5,7.0
2025-06-27,Sidorejo,111.135461,-7.946686,0.0,9.0
2025-06-27,SongPutri,110.831567,-7.992783,1.6,6.0
2025-06-27,Waduk Nawangan,110.897683,-8.041533,2.13,1.0
2025-06-28,Giriwoyo,110.947632,-8.026094,0.0,2.0
2025-06-28,Parangjoho,110.817714,-7.951409,1.5,7.0
2025-06-28,Sidorejo,111.135461,-7.946686,4.5,9.0
2025-06-28,SongPutri,110.831567,-7.992783,8.0,6.0
2025-06-28,Waduk Nawangan,110.897683,-8.041533,14.56,1.0
2025-06-29,Giriwoyo,110.947632,-8.026094,0.5,2.0
2025-06-29,Parangjoho,110.817714,-7.951409,0.0,7.0
2025-06-29,Sidorejo,111.135461,-7.946686,0.0,9.0
2025-06-29,SongPutri,110.831567,-7.992783,0.0,6.0
2025-06-29,Waduk Nawangan,110.897683,-8.041533,0.0,1.0
2025-06-30,Giriwoyo,110.947632,-8.026094,0.0,2.0
2025-06-30,Parangjoho,110.817714,-7.951409,0.0,7.0
2025-06-30,Sidorejo,111.135461,-7.946686,0.0,9.0
2025-06-30,SongPutri,110.831567,-7.992783,0.0,6.0
2025-06-30,Waduk Nawangan,110.897683,-8.041533,0.0,1.0
2025-07-01,Giriwoyo,110.947632,-8.026094,0.0,2.0
2025-07-01,Parangjoho,110.817714,-7.951409,0.0,7.0
2025-07-01,Sidorejo,111.135461,-7.946686,0.0,9.0
2025-07-01,SongPutri,110.831567,-7.992783,0.0,6.0
2025-07-01,Waduk Nawangan,110.897683,-8.041533,0.0,1.0
2025-07-02,Giriwoyo,110.947632,-8.026094,0.0,2.0
2025-07-02,Parangjoho,110.817714,-7.951409,0.0,7.0
2025-07-02,Sidorejo,111.135461,-7.946686,0.0,9.0
2025-07-02,SongPutri,110.831567,-7.992783,0.0,6.0
2025-07-02,Waduk Nawangan,110.897683,-8.041533,0.0,1.0
2025-07-03,Giriwoyo,110.947632,-8.026094,0.0,2.0
2025-07-03,Parangjoho,110.817714,-7.951409,0.0,7.0
2025-07-03,Sidorejo,111.135461,-7.946686,1.5,9.0
2025-07-03,SongPutri,110.831567,-7.992783,0.0,6.0
2025-07-03,Waduk Nawangan,110.897683,-8.041533,0.0,1.0
2025-07-04,Giriwoyo,110.947632,-8.026094,0.0,2.0
2025-07-04,Parangjoho,110.817714,-7.951409,0.0,7.0
2025-07-04,Sidorejo,111.135461,-7.946686,0.0,9.0
2025-07-04,SongPutri,110.831567,-7.992783,0.0,6.0
2025-07-04,Waduk Nawangan,110.897683,-8.041533,0.0,1.0
2025-07-05,Giriwoyo,110.947632,-8.026094,0.0,2.0
2025-07-05,Parangjoho,110.817714,-7.951409,0.0,7.0
2025-07-05,Sidorejo,111.135461,-7.946686,0.0,9.0
2025-07-05,SongPutri,110.831567,-7.992783,2.4,6.0
2025-07-05,Waduk Nawangan,110.897683,-8.041533,0.0,1.0
2025-07-06,Giriwoyo,110.947632,-8.026094,0.0,2.0
2025-07-06,Parangjoho,110.817714,-7.951409,2.0,7.0
2025-07-06,Sidorejo,111.135461,-7.946686,7.5,9.0
2025-07-06,SongPutri,110.831567,-7.992783,0.4,6.0
2025-07-06,Waduk Nawangan,110.897683,-8.041533,0.0,1.0
2025-07-07,Giriwoyo,110.947632,-8.026094,1.5,2.0
2025-07-07,Parangjoho,110.817714,-7.951409,0.0,7.0
2025-07-07,Sidorejo,111.135461,-7.946686,8.5,9.0
2025-07-07,SongPutri,110.831567,-7.992783,0.2,6.0
2025-07-07,Waduk Nawangan,110.897683,-8.041533,1.42,1.0
2025-07-08,Giriwoyo,110.947632,-8.026094,0.0,2.0
2025-07-08,Parangjoho,110.817714,-7.951409,0.0,7.0
2025-07-08,Sidorejo,111.135461,-7.946686,0.0,9.0
2025-07-08,SongPutri,110.831567,-7.992783,0.0,6.0
2025-07-08,Waduk Nawangan,110.897683,-8.041533,0.0,1.0
2025-07-09,Giriwoyo,110.947632,-8.026094,0.0,2.0
2025-07-09,Parangjoho,110.817714,-7.951409,0.0,7.0
2025-07-09,Sidorejo,111.135461,-7.946686,0.0,9.0
2025-07-09,SongPutri,110.831567,-7.992783,0.0,6.0
2025-07-09,Waduk Nawangan,110.897683,-8.041533,0.36,1.0
2025-07-10,Giriwoyo,110.947632,-8.026094,0.0,2.0
2025-07-10,Parangjoho,110.817714,-7.951409,0.0,7.0
2025-07-10,Sidorejo,111.135461,-7.946686,0.0,9.0
2025-07-10,SongPutri,110.831567,-7.992783,0.0,6.0
2025-07-10,Waduk Nawangan,110.897683,-8.041533,0.0,1.0
2025-07-11,Giriwoyo,110.947632,-8.026094,0.0,2.0
2025-07-11,Parangjoho,110.817714,-7.951409,0.0,7.0
2025-07-11,Sidorejo,111.135461,-7.946686,0.0,9.0
2025-07-11,SongPutri,110.831567,-7.992783,0.0,6.0
2025-07-11,Waduk Nawangan,110.897683,-8.041533,0.36,1.0
2025-07-12,Giriwoyo,110.947632,-8.026094,0.0,2.0
2025-07-12,Parangjoho,110.817714,-7.951409,0.0,7.0
2025-07-12,Sidorejo,111.135461,-7.946686,0.0,9.0
2025-07-12,SongPutri,110.831567,-7.992783,0.0,6.0
2025-07-12,Waduk Nawangan,110.897683,-8.041533,0.0,1.0
2025-07-13,Giriwoyo,110.947632,-8.026094,0.0,2.0
2025-07-13,Parangjoho,110.817714,-7.951409,0.0,7.0
2025-07-13,Sidorejo,111.135461,-7.946686,17.5,9.0
2025-07-13,SongPutri,110.831567,-7.992783,0.0,6.0
2025-07-13,Waduk Nawangan,110.897683,-8.041533,0.0,1.0
2025-07-14,Giriwoyo,110.947632,-8.026094,0.0,2.0
2025-07-14,Parangjoho,110.817714,-7.951409,0.0,7.0
2025-07-14,Sidorejo,111.135461,-7.946686,0.0,9.0
2025-07-14,SongPutri,110.831567,-7.992783,0.0,6.0
2025-07-14,Waduk Nawangan,110.897683,-8.041533,0.0,1.0
2025-07-15,Giriwoyo,110.947632,-8.026094,0.0,2.0
2025-07-15,Parangjoho,110.817714,-7.951409,0.0,7.0
2025-07-15,Sidorejo,111.135461,-7.946686,0.0,9.0
2025-07-15,SongPutri,110.831567,-7.992783,0.0,6.0
2025-07-15,Waduk Nawangan,110.897683,-8.041533,0.0,1.0
2025-07-16,Giriwoyo,110.947632,-8.026094,0.0,2.0
2025-07-16,Parangjoho,110.817714,-7.951409,0.0,7.0
2025-07-16,Sidorejo,111.135461,-7.946686,0.0,9.0
2025-07-16,SongPutri,110.831567,-7.992783,0.0,6.0
2025-07-16,Waduk Nawangan,110.897683,-8.041533,0.0,1.0
2025-07-17,Giriwoyo,110.947632,-8.026094,0.0,2.0
2025-07-17,Parangjoho,110.817714,-7.951409,0.0,7.0
2025-07-17,Sidorejo,111.135461,-7.946686,0.0,9.0
2025-07-17,SongPutri,110.831567,-7.992783,0.0,6.0
2025-07-17,Waduk Nawangan,110.897683,-8.041533,0.0,1.0
2025-07-18,Giriwoyo,110.947632,-8.026094,0.0,2.0
2025-07-18,Parangjoho,110.817714,-7.951409,0.0,7.0
2025-07-18,Sidorejo,111.135461,-7.946686,0.0,9.0
2025-07-18,SongPutri,110.831567,-7.992783,0.0,6.0
2025-07-18,Waduk Nawangan,110.897683,-8.041533,0.0,1.0
2025-07-19,Giriwoyo,110.947632,-8.026094,0.0,2.0
2025-07-19,Parangjoho,110.817714,-7.951409,0.0,7.0
2025-07-19,Sidorejo,111.135461,-7.946686,0.0,9.0
2025-07-19,SongPutri,110.831567,-7.992783,0.0,6.0
2025-07-19,Waduk Nawangan,110.897683,-8.041533,0.0,1.0
2025-07-20,Giriwoyo,110.947632,-8.026094,0.0,2.0
2025-07-20,Parangjoho,110.817714,-7.951409,0.0,7.0
2025-07-20,Sidorejo,111.135461,-7.946686,0.0,9.0
2025-07-20,SongPutri,110.831567,-7.992783,0.0,6.0
2025-07-20,Waduk Nawangan,110.897683,-8.041533,0.0,1.0
2025-07-21,Giriwoyo,110.947632,-8.026094,0.0,2.0
2025-07-21,Parangjoho,110.817714,-7.951409,0.0,7.0
2025-07-21,Sidorejo,111.135461,-7.946686,0.0,9.0
2025-07-21,SongPutri,110.831567,-7.992783,0.0,6.0
2025-07-21,Waduk Nawangan,110.897683,-8.041533,0.0,1.0
2025-07-22,Giriwoyo,110.947632,-8.026094,0.0,2.0
2025-07-22,Parangjoho,110.817714,-7.951409,0.0,7.0
2025-07-22,Sidorejo,111.135461,-7.946686,0.0,9.0
2025-07-22,SongPutri,110.831567,-7.992783,0.0,6.0
2025-07-22,Waduk Nawangan,110.897683,-8.041533,0.0,1.0
2025-07-23,Giriwoyo,110.947632,-8.026094,0.0,2.0
2025-07-23,Parangjoho,110.817714,-7.951409,0.0,7.0
2025-07-23,Sidorejo,111.135461,-7.946686,0.5,9.0
2025-07-23,SongPutri,110.831567,-7.992783,0.0,6.0
2025-07-23,Waduk Nawangan,110.897683,-8.041533,0.0,1.0
2025-07-24,Giriwoyo,110.947632,-8.026094,0.0,2.0
2025-07-24,Parangjoho,110.817714,-7.951409,0.0,7.0
2025-07-24,Sidorejo,111.135461,-7.946686,0.0,9.0
2025-07-24,SongPutri,110.831567,-7.992783,0.0,6.0
2025-07-24,Waduk Nawangan,110.897683,-8.041533,0.0,1.0
2025-07-25,Giriwoyo,110.947632,-8.026094,0.0,2.0
2025-07-25,Parangjoho,110.817714,-7.951409,0.0,7.0
2025-07-25,Sidorejo,111.135461,-7.946686,0.0,9.0
2025-07-25,SongPutri,110.831567,-7.992783,0.0,6.0
2025-07-25,Waduk Nawangan,110.897683,-8.041533,0.0,1.0
2025-07-26,Giriwoyo,110.947632,-8.026094,0.0,2.0
2025-07-26,Parangjoho,110.817714,-7.951409,0.0,7.0
2025-07-26,Sidorejo,111.135461,-7.946686,0.0,9.0
2025-07-26,SongPutri,110.831567,-7.992783,0.0,6.0
2025-07-26,Waduk Nawangan,110.897683,-8.041533,0.0,1.0
2025-07-27,Giriwoyo,110.947632,-8.026094,0.0,2.0
2025-07-27,Parangjoho,110.817714,-7.951409,0.0,7.0
2025-07-27,Sidorejo,111.135461,-7.946686,0.0,9.0
2025-07-27,SongPutri,110.831567,-7.992783,0.0,6.0
2025-07-27,Waduk Nawangan,110.897683,-8.041533,0.0,1.0
2025-07-28,Giriwoyo,110.947632,-8.026094,1.0,2.0
2025-07-28,Parangjoho,110.817714,-7.951409,0.0,7.0
2025-07-28,Sidorejo,111.135461,-7.946686,0.0,9.0
2025-07-28,SongPutri,110.831567,-7.992783,0.6,6.0
2025-07-28,Waduk Nawangan,110.897683,-8.041533,2.49,1.0
2025-07-29,Giriwoyo,110.947632,-8.026094,1.5,2.0
2025-07-29,Parangjoho,110.817714,-7.951409,0.5,7.0
2025-07-29,Sidorejo,111.135461,-7.946686,0.0,9.0
2025-07-29,SongPutri,110.831567,-7.992783,0.0,6.0
2025-07-29,Waduk Nawangan,110.897683,-8.041533,0.0,1.0
2025-07-30,Giriwoyo,110.947632,-8.026094,0.5,2.0
2025-07-30,Parangjoho,110.817714,-7.951409,0.0,7.0
2025-07-30,Sidorejo,111.135461,-7.946686,0.0,9.0
2025-07-30,SongPutri,110.831567,-7.992783,0.0,6.0
2025-07-30,Waduk Nawangan,110.897683,-8.041533,0.0,1.0
2025-07-31,Giriwoyo,110.947632,-8.026094,0.0,2.0
2025-07-31,Parangjoho,110.817714,-7.951409,0.0,7.0
2025-07-31,Sidorejo,111.135461,-7.946686,0.0,9.0
2025-07-31,SongPutri,110.831567,-7.992783,0.0,6.0
2025-07-31,Waduk Nawangan,110.897683,-8.041533,0.0,1.0
2025-08-01,Giriwoyo,110.947632,-8.026094,0.0,2.0
2025-08-01,Parangjoho,110.817714,-7.951409,0.0,7.0
2025-08-01,Sidorejo,111.135461,-7.946686,0.0,9.0
2025-08-01,SongPutri,110.831567,-7.992783,0.0,6.0
2025-08-01,Waduk Nawangan,110.897683,-8.041533,0.0,1.0
2025-08-02,Giriwoyo,110.947632,-8.026094,0.0,2.0
2025-08-02,Parangjoho,110.817714,-7.951409,0.0,7.0
2025-08-02,Sidorejo,111.135461,-7.946686,0.0,9.0
2025-08-02,SongPutri,110.831567,-7.992783,0.0,6.0
2025-08-02,Waduk Nawangan,110.897683,-8.041533,1.07,1.0
2025-08-03,Giriwoyo,110.947632,-8.026094,0.0,2.0
2025-08-03,Parangjoho,110.817714,-7.951409,0.0,7.0
2025-08-03,Sidorejo,111.135461,-7.946686,0.0,9.0
2025-08-03,SongPutri,110.831567,-7.992783,0.0,6.0
2025-08-03,Waduk Nawangan,110.897683,-8.041533,0.0,1.0
2025-08-04,Giriwoyo,110.947632,-8.026094,0.0,2.0
2025-08-04,Parangjoho,110.817714,-7.951409,6.0,7.0
2025-08-04,Sidorejo,111.135461,-7.946686,22.0,9.0
2025-08-04,SongPutri,110.831567,-7.992783,8.2,6.0
2025-08-04,Waduk Nawangan,110.897683,-8.041533,0.0,1.0
2025-08-05,Giriwoyo,110.947632,-8.026094,0.0,2.0
2025-08-05,Parangjoho,110.817714,-7.951409,0.0,7.0
2025-08-05,Sidorejo,111.135461,-7.946686,0.0,9.0
2025-08-05,SongPutri,110.831567,-7.992783,0.0,6.0
2025-08-05,Waduk Nawangan,110.897683,-8.041533,0.0,1.0
2025-08-06,Giriwoyo,110.947632,-8.026094,0.0,2.0
2025-08-06,Parangjoho,110.817714,-7.951409,0.0,7.0
2025-08-06,Sidorejo,111.135461,-7.946686,0.0,9.0
2025-08-06,SongPutri,110.831567,-7.992783,0.0,6.0
2025-08-06,Waduk Nawangan,110.897683,-8.041533,0.0,1.0
2025-08-07,Giriwoyo,110.947632,-8.026094,0.0,2.0
2025-08-07,Parangjoho,110.817714,-7.951409,0.0,7.0
2025-08-07,Sidorejo,111.135461,-7.946686,0.0,9.0
2025-08-07,SongPutri,110.831567,-7.992783,0.0,6.0
2025-08-07,Waduk Nawangan,110.897683,-8.041533,0.0,1.0
2025-08-08,Giriwoyo,110.947632,-8.026094,0.0,2.0
2025-08-08,Parangjoho,110.817714,-7.951409,0.0,7.0
2025-08-08,Sidorejo,111.135461,-7.946686,0.0,9.0
2025-08-08,SongPutri,110.831567,-7.992783,0.0,6.0
2025-08-08,Waduk Nawangan,110.897683,-8.041533,0.0,1.0
2025-08-09,Giriwoyo,110.947632,-8.026094,0.0,2.0
2025-08-09,Parangjoho,110.817714,-7.951409,0.0,7.0
2025-08-09,Sidorejo,111.135461,-7.946686,0.0,9.0
2025-08-09,SongPutri,110.831567,-7.992783,0.0,6.0
2025-08-09,Waduk Nawangan,110.897683,-8.041533,0.0,1.0
2025-08-10,Giriwoyo,110.947632,-8.026094,0.0,2.0
2025-08-10,Parangjoho,110.817714,-7.951409,0.0,7.0
2025-08-10,Sidorejo,111.135461,-7.946686,0.0,9.0
2025-08-10,SongPutri,110.831567,-7.992783,0.0,6.0
2025-08-10,Waduk Nawangan,110.897683,-8.041533,0.0,1.0
2025-08-11,Giriwoyo,110.947632,-8.026094,0.0,2.0
2025-08-11,Parangjoho,110.817714,-7.951409,0.0,7.0
2025-08-11,Sidorejo,111.135461,-7.946686,0.0,9.0
2025-08-11,SongPutri,110.831567,-7.992783,0.0,6.0
2025-08-11,Waduk Nawangan,110.897683,-8.041533,0.36,1.0
2025-08-12,Giriwoyo,110.947632,-8.026094,0.0,2.0
2025-08-12,Parangjoho,110.817714,-7.951409,0.0,7.0
2025-08-12,Sidorejo,111.135461,-7.946686,0.0,9.0
2025-08-12,SongPutri,110.831567,-7.992783,0.0,6.0
2025-08-12,Waduk Nawangan,110.897683,-8.041533,0.0,1.0
2025-08-13,Giriwoyo,110.947632,-8.026094,0.0,2.0
2025-08-13,Parangjoho,110.817714,-7.951409,4.5,7.0
2025-08-13,Sidorejo,111.135461,-7.946686,0.0,9.0
2025-08-13,SongPutri,110.831567,-7.992783,6.0,6.0
2025-08-13,Waduk Nawangan,110.897683,-8.041533,4.26,1.0
2025-08-14,Giriwoyo,110.947632,-8.026094,0.0,2.0
2025-08-14,Parangjoho,110.817714,-7.951409,0.0,7.0
2025-08-14,Sidorejo,111.135461,-7.946686,0.0,9.0
2025-08-14,SongPutri,110.831567,-7.992783,0.0,6.0
2025-08-14,Waduk Nawangan,110.897683,-8.041533,0.0,1.0
2025-08-15,Giriwoyo,110.947632,-8.026094,0.0,2.0
2025-08-15,Parangjoho,110.817714,-7.951409,0.0,7.0
2025-08-15,Sidorejo,111.135461,-7.946686,0.0,9.0
2025-08-15,SongPutri,110.831567,-7.992783,0.0,6.0
2025-08-15,Waduk Nawangan,110.897683,-8.041533,0.0,1.0
2025-08-16,Giriwoyo,110.947632,-8.026094,0.0,2.0
2025-08-16,Parangjoho,110.817714,-7.951409,0.0,7.0
2025-08-16,Sidorejo,111.135461,-7.946686,0.0,9.0
2025-08-16,SongPutri,110.831567,-7.992783,0.0,6.0
2025-08-16,Waduk Nawangan,110.897683,-8.041533,0.0,1.0
2025-08-17,Giriwoyo,110.947632,-8.026094,0.0,2.0
2025-08-17,Parangjoho,110.817714,-7.951409,0.0,7.0
2025-08-17,Sidorejo,111.135461,-7.946686,0.0,9.0
2025-08-17,SongPutri,110.831567,-7.992783,0.0,6.0
2025-08-17,Waduk Nawangan,110.897683,-8.041533,0.0,1.0
2025-08-18,Giriwoyo,110.947632,-8.026094,0.0,2.0
2025-08-18,Parangjoho,110.817714,-7.951409,0.5,7.0
2025-08-18,Sidorejo,111.135461,-7.946686,0.0,9.0
2025-08-18,SongPutri,110.831567,-7.992783,23.0,6.0
2025-08-18,Waduk Nawangan,110.897683,-8.041533,12.78,1.0
2025-08-19,Giriwoyo,110.947632,-8.026094,0.0,2.0
2025-08-19,Parangjoho,110.817714,-7.951409,56.0,7.0
2025-08-19,Sidorejo,111.135461,-7.946686,0.0,9.0
2025-08-19,SongPutri,110.831567,-7.992783,53.0,6.0
2025-08-19,Waduk Nawangan,110.897683,-8.041533,62.48,1.0
2025-08-20,Giriwoyo,110.947632,-8.026094,0.0,2.0
2025-08-20,Parangjoho,110.817714,-7.951409,0.0,7.0
2025-08-20,Sidorejo,111.135461,-7.946686,0.0,9.0
2025-08-20,SongPutri,110.831567,-7.992783,0.2,6.0
2025-08-20,Waduk Nawangan,110.897683,-8.041533,0.0,1.0
2025-08-21,Giriwoyo,110.947632,-8.026094,0.0,2.0
2025-08-21,Parangjoho,110.817714,-7.951409,0.0,7.0
2025-08-21,Sidorejo,111.135461,-7.946686,0.0,9.0
2025-08-21,SongPutri,110.831567,-7.992783,0.0,6.0
2025-08-21,Waduk Nawangan,110.897683,-8.041533,0.0,1.0
2025-08-22,Giriwoyo,110.947632,-8.026094,0.0,2.0
2025-08-22,Parangjoho,110.817714,-7.951409,0.0,7.0
2025-08-22,Sidorejo,111.135461,-7.946686,0.0,9.0
2025-08-22,SongPutri,110.831567,-7.992783,0.0,6.0
2025-08-22,Waduk Nawangan,110.897683,-8.041533,0.0,1.0
2025-08-23,Giriwoyo,110.947632,-8.026094,0.0,2.0
2025-08-23,Parangjoho,110.817714,-7.951409,0.0,7.0
2025-08-23,Sidorejo,111.135461,-7.946686,0.0,9.0
2025-08-23,SongPutri,110.831567,-7.992783,1.0,6.0
2025-08-23,Waduk Nawangan,110.897683,-8.041533,0.0,1.0
2025-08-24,Giriwoyo,110.947632,-8.026094,0.0,2.0
2025-08-24,Parangjoho,110.817714,-7.951409,0.0,7.0
2025-08-24,Sidorejo,111.135461,-7.946686,0.0,9.0
2025-08-24,SongPutri,110.831567,-7.992783,0.0,6.0
2025-08-24,Waduk Nawangan,110.897683,-8.041533,0.0,1.0
2025-08-25,Giriwoyo,110.947632,-8.026094,0.0,2.0
2025-08-25,Parangjoho,110.817714,-7.951409,0.0,7.0
2025-08-25,Sidorejo,111.135461,-7.946686,0.0,9.0
2025-08-25,SongPutri,110.831567,-7.992783,0.0,6.0
2025-08-25,Waduk Nawangan,110.897683,-8.041533,0.0,1.0
2025-08-26,Giriwoyo,110.947632,-8.026094,0.0,2.0
2025-08-26,Parangjoho,110.817714,-7.951409,0.0,7.0
2025-08-26,Sidorejo,111.135461,-7.946686,0.0,9.0
2025-08-26,SongPutri,110.831567,-7.992783,0.0,6.0
2025-08-26,Waduk Nawangan,110.897683,-8.041533,0.0,1.0
2025-08-27,Giriwoyo,110.947632,-8.026094,0.0,2.0
2025-08-27,Parangjoho,110.817714,-7.951409,1.0,7.0
2025-08-27,Sidorejo,111.135461,-7.946686,0.0,9.0
2025-08-27,SongPutri,110.831567,-7.992783,1.0,6.0
2025-08-27,Waduk Nawangan,110.897683,-8.041533,0.36,1.0
2025-08-28,Giriwoyo,110.947632,-8.026094,0.0,2.0
2025-08-28,Parangjoho,110.817714,-7.951409,0.0,7.0
2025-08-28,Sidorejo,111.135461,-7.946686,0.0,9.0
2025-08-28,SongPutri,110.831567,-7.992783,0.0,6.0
2025-08-28,Waduk Nawangan,110.897683,-8.041533,0.36,1.0
2025-08-29,Giriwoyo,110.947632,-8.026094,0.0,2.0
2025-08-29,Parangjoho,110.817714,-7.951409,0.0,7.0
2025-08-29,Sidorejo,111.135461,-7.946686,0.0,9.0
2025-08-29,SongPutri,110.831567,-7.992783,0.0,6.0
2025-08-29,Waduk Nawangan,110.897683,-8.041533,0.0,1.0
2025-08-30,Giriwoyo,110.947632,-8.026094,0.0,2.0
2025-08-30,Parangjoho,110.817714,-7.951409,0.0,7.0
2025-08-30,Sidorejo,111.135461,-7.946686,0.0,9.0
2025-08-30,SongPutri,110.831567,-7.992783,3.0,6.0
2025-08-30,Waduk Nawangan,110.897683,-8.041533,0.0,1.0
2025-08-31,Giriwoyo,110.947632,-8.026094,0.0,2.0
2025-08-31,Parangjoho,110.817714,-7.951409,0.0,7.0
2025-08-31,Sidorejo,111.135461,-7.946686,0.0,9.0
2025-08-31,SongPutri,110.831567,-7.992783,0.0,6.0
2025-08-31,Waduk Nawangan,110.897683,-8.041533,0.0,1.0
2025-09-01,Giriwoyo,110.947632,-8.026094,0.0,2.0
2025-09-01,Parangjoho,110.817714,-7.951409,0.0,7.0
2025-09-01,Sidorejo,111.135461,-7.946686,0.0,9.0
2025-09-01,SongPutri,110.831567,-7.992783,0.0,6.0
2025-09-01,Waduk Nawangan,110.897683,-8.041533,0.0,1.0
2025-09-02,Giriwoyo,110.947632,-8.026094,0.0,2.0
2025-09-02,Parangjoho,110.817714,-7.951409,0.0,7.0
2025-09-02,Sidorejo,111.135461,-7.946686,0.0,9.0
2025-09-02,SongPutri,110.831567,-7.992783,0.0,6.0
2025-09-02,Waduk Nawangan,110.897683,-8.041533,0.0,1.0
2025-09-03,Giriwoyo,110.947632,-8.026094,0.0,2.0
2025-09-03,Parangjoho,110.817714,-7.951409,0.0,7.0
2025-09-03,Sidorejo,111.135461,-7.946686,0.0,9.0
2025-09-03,SongPutri,110.831567,-7.992783,0.0,6.0
2025-09-03,Waduk Nawangan,110.897683,-8.041533,0.0,1.0
2025-09-04,Giriwoyo,110.947632,-8.026094,0.0,2.0
2025-09-04,Parangjoho,110.817714,-7.951409,0.0,7.0
2025-09-04,Sidorejo,111.135461,-7.946686,0.0,9.0
2025-09-04,SongPutri,110.831567,-7.992783,0.0,6.0
2025-09-04,Waduk Nawangan,110.897683,-8.041533,0.0,1.0
2025-09-05,Giriwoyo,110.947632,-8.026094,0.0,2.0
2025-09-05,Parangjoho,110.817714,-7.951409,0.0,7.0
2025-09-05,Sidorejo,111.135461,-7.946686,0.0,9.0
2025-09-05,SongPutri,110.831567,-7.992783,0.0,6.0
2025-09-05,Waduk Nawangan,110.897683,-8.041533,0.0,1.0
2025-09-06,Giriwoyo,110.947632,-8.026094,0.0,2.0
2025-09-06,Parangjoho,110.817714,-7.951409,0.0,7.0
2025-09-06,Sidorejo,111.135461,-7.946686,0.0,9.0
2025-09-06,SongPutri,110.831567,-7.992783,0.0,6.0
2025-09-06,Waduk Nawangan,110.897683,-8.041533,0.0,1.0
2025-09-07,Giriwoyo,110.947632,-8.026094,0.0,2.0
2025-09-07,Parangjoho,110.817714,-7.951409,0.0,7.0
2025-09-07,Sidorejo,111.135461,-7.946686,0.0,9.0
2025-09-07,SongPutri,110.831567,-7.992783,0.0,6.0
2025-09-07,Waduk Nawangan,110.897683,-8.041533,0.0,1.0
2025-09-08,Giriwoyo,110.947632,-8.026094,0.0,2.0
2025-09-08,Parangjoho,110.817714,-7.951409,0.0,7.0
2025-09-08,Sidorejo,111.135461,-7.946686,0.0,9.0
2025-09-08,SongPutri,110.831567,-7.992783,0.0,6.0
2025-09-08,Waduk Nawangan,110.897683,-8.041533,0.0,1.0
2025-09-09,Giriwoyo,110.947632,-8.026094,0.0,2.0
2025-09-09,Parangjoho,110.817714,-7.951409,0.0,7.0
2025-09-09,Sidorejo,111.135461,-7.946686,0.0,9.0
2025-09-09,SongPutri,110.831567,-7.992783,0.0,6.0
2025-09-09,Waduk Nawangan,110.897683,-8.041533,0.0,1.0
2025-09-10,Giriwoyo,110.947632,-8.026094,0.0,2.0
2025-09-10,Parangjoho,110.817714,-7.951409,0.0,7.0
2025-09-10,Sidorejo,111.135461,-7.946686,0.0,9.0
2025-09-10,SongPutri,110.831567,-7.992783,0.0,6.0
2025-09-10,Waduk Nawangan,110.897683,-8.041533,0.0,1.0
2025-09-11,Giriwoyo,110.947632,-8.026094,0.0,2.0
2025-09-11,Parangjoho,110.817714,-7.951409,0.0,7.0
2025-09-11,Sidorejo,111.135461,-7.946686,0.0,9.0
2025-09-11,SongPutri,110.831567,-7.992783,0.0,6.0
2025-09-11,Waduk Nawangan,110.897683,-8.041533,0.0,1.0
2025-09-12,Giriwoyo,110.947632,-8.026094,0.0,2.0
2025-09-12,Parangjoho,110.817714,-7.951409,0.0,7.0
2025-09-12,Sidorejo,111.135461,-7.946686,0.0,9.0
2025-09-12,SongPutri,110.831567,-7.992783,0.0,6.0
2025-09-12,Waduk Nawangan,110.897683,-8.041533,0.0,1.0
2025-09-13,Giriwoyo,110.947632,-8.026094,0.0,2.0
2025-09-13,Parangjoho,110.817714,-7.951409,0.0,7.0
2025-09-13,Sidorejo,111.135461,-7.946686,0.0,9.0
2025-09-13,SongPutri,110.831567,-7.992783,0.0,6.0
2025-09-13,Waduk Nawangan,110.897683,-8.041533,0.0,1.0
2025-09-14,Giriwoyo,110.947632,-8.026094,0.0,2.0
2025-09-14,Parangjoho,110.817714,-7.951409,0.0,7.0
2025-09-14,Sidorejo,111.135461,-7.946686,0.0,9.0
2025-09-14,SongPutri,110.831567,-7.992783,0.0,6.0
2025-09-14,Waduk Nawangan,110.897683,-8.041533,0.0,1.0
2025-09-15,Giriwoyo,110.947632,-8.026094,0.0,2.0
2025-09-15,Parangjoho,110.817714,-7.951409,0.0,7.0
2025-09-15,Sidorejo,111.135461,-7.946686,0.0,9.0
2025-09-15,SongPutri,110.831567,-7.992783,0.0,6.0
2025-09-15,Waduk Nawangan,110.897683,-8.041533,0.0,1.0
2025-09-16,Giriwoyo,110.947632,-8.026094,0.0,2.0
2025-09-16,Parangjoho,110.817714,-7.951409,0.0,7.0
2025-09-16,Sidorejo,111.135461,-7.946686,0.0,9.0
2025-09-16,SongPutri,110.831567,-7.992783,0.0,6.0
2025-09-16,Waduk Nawangan,110.897683,-8.041533,0.0,1.0
2025-09-17,Giriwoyo,110.947632,-8.026094,0.0,2.0
2025-09-17,Parangjoho,110.817714,-7.951409,0.0,7.0
2025-09-17,Sidorejo,111.135461,-7.946686,0.0,9.0
2025-09-17,SongPutri,110.831567,-7.992783,0.0,6.0
2025-09-17,Waduk Nawangan,110.897683,-8.041533,0.0,1.0
2025-09-18,Giriwoyo,110.947632,-8.026094,0.0,2.0
2025-09-18,Parangjoho,110.817714,-7.951409,0.0,7.0
2025-09-18,Sidorejo,111.135461,-7.946686,0.0,9.0
2025-09-18,SongPutri,110.831567,-7.992783,0.0,6.0
2025-09-18,Waduk Nawangan,110.897683,-8.041533,0.0,1.0
2025-09-19,Giriwoyo,110.947632,-8.026094,0.0,2.0
2025-09-19,Parangjoho,110.817714,-7.951409,0.0,7.0
2025-09-19,Sidorejo,111.135461,-7.946686,0.0,9.0
2025-09-19,SongPutri,110.831567,-7.992783,0.0,6.0
2025-09-19,Waduk Nawangan,110.897683,-8.041533,0.36,1.0
2025-09-20,Giriwoyo,110.947632,-8.026094,0.5,2.0
2025-09-20,Parangjoho,110.817714,-7.951409,0.0,7.0
2025-09-20,Sidorejo,111.135461,-7.946686,0.0,9.0
2025-09-20,SongPutri,110.831567,-7.992783,0.0,6.0
2025-09-20,Waduk Nawangan,110.897683,-8.041533,0.36,1.0
2025-09-21,Giriwoyo,110.947632,-8.026094,0.0,2.0
2025-09-21,Parangjoho,110.817714,-7.951409,0.0,7.0
2025-09-21,Sidorejo,111.135461,-7.946686,0.0,9.0
2025-09-21,SongPutri,110.831567,-7.992783,0.0,6.0
2025-09-21,Waduk Nawangan,110.897683,-8.041533,1.42,1.0
2025-09-22,Giriwoyo,110.947632,-8.026094,0.0,2.0
2025-09-22,Parangjoho,110.817714,-7.951409,0.0,7.0
2025-09-22,Sidorejo,111.135461,-7.946686,0.0,9.0
2025-09-22,SongPutri,110.831567,-7.992783,0.0,6.0
2025-09-22,Waduk Nawangan,110.897683,-8.041533,0.0,1.0
2025-09-23,Giriwoyo,110.947632,-8.026094,0.0,2.0
2025-09-23,Parangjoho,110.817714,-7.951409,0.0,7.0
2025-09-23,Sidorejo,111.135461,-7.946686,0.0,9.0
2025-09-23,SongPutri,110.831567,-7.992783,0.0,6.0
2025-09-23,Waduk Nawangan,110.897683,-8.041533,0.0,1.0
2025-09-24,Giriwoyo,110.947632,-8.026094,0.0,2.0
2025-09-24,Parangjoho,110.817714,-7.951409,0.0,7.0
2025-09-24,Sidorejo,111.135461,-7.946686,0.0,9.0
2025-09-24,SongPutri,110.831567,-7.992783,0.0,6.0
2025-09-24,Waduk Nawangan,110.897683,-8.041533,0.0,1.0
2025-09-25,Giriwoyo,110.947632,-8.026094,1.0,2.0
2025-09-25,Parangjoho,110.817714,-7.951409,3.0,7.0
2025-09-25,Sidorejo,111.135461,-7.946686,0.0,9.0
2025-09-25,SongPutri,110.831567,-7.992783,0.0,6.0
2025-09-25,Waduk Nawangan,110.897683,-8.041533,0.0,1.0
2025-09-26,Giriwoyo,110.947632,-8.026094,0.0,2.0
2025-09-26,Parangjoho,110.817714,-7.951409,0.0,7.0
2025-09-26,Sidorejo,111.135461,-7.946686,0.0,9.0
2025-09-26,SongPutri,110.831567,-7.992783,0.0,6.0
2025-09-26,Waduk Nawangan,110.897683,-8.041533,0.0,1.0
2025-09-27,Giriwoyo,110.947632,-8.026094,0.0,2.0
2025-09-27,Parangjoho,110.817714,-7.951409,0.0,7.0
2025-09-27,Sidorejo,111.135461,-7.946686,0.0,9.0
2025-09-27,SongPutri,110.831567,-7.992783,0.0,6.0
2025-09-27,Waduk Nawangan,110.897683,-8.041533,0.36,1.0
2025-09-28,Giriwoyo,110.947632,-8.026094,0.0,2.0
2025-09-28,Parangjoho,110.817714,-7.951409,0.0,7.0
2025-09-28,Sidorejo,111.135461,-7.946686,0.0,9.0
2025-09-28,SongPutri,110.831567,-7.992783,0.0,6.0
2025-09-28,Waduk Nawangan,110.897683,-8.041533,0.0,1.0
2025-09-29,Giriwoyo,110.947632,-8.026094,0.5,2.0
2025-09-29,Parangjoho,110.817714,-7.951409,0.0,7.0
2025-09-29,Sidorejo,111.135461,-7.946686,0.0,9.0
2025-09-29,SongPutri,110.831567,-7.992783,0.0,6.0
2025-09-29,Waduk Nawangan,110.897683,-8.041533,0.0,1.0
2025-09-30,Giriwoyo,110.947632,-8.026094,13.5,2.0
2025-09-30,Parangjoho,110.817714,-7.951409,5.0,7.0
2025-09-30,Sidorejo,111.135461,-7.946686,0.0,9.0
2025-09-30,SongPutri,110.831567,-7.992783,18.8,6.0
2025-09-30,Waduk Nawangan,110.897683,-8.041533,7.46,1.0
2025-10-01,Giriwoyo,110.947632,-8.026094,46.0,2.0
2025-10-01,Parangjoho,110.817714,-7.951409,0.0,7.0
2025-10-01,Sidorejo,111.135461,-7.946686,0.0,9.0
2025-10-01,SongPutri,110.831567,-7.992783,23.6,6.0
2025-10-01,Waduk Nawangan,110.897683,-8.041533,11.72,1.0
2025-10-02,Giriwoyo,110.947632,-8.026094,0.0,2.0
2025-10-02,Parangjoho,110.817714,-7.951409,0.0,7.0
2025-10-02,Sidorejo,111.135461,-7.946686,0.0,9.0
2025-10-02,SongPutri,110.831567,-7.992783,0.0,6.0
2025-10-02,Waduk Nawangan,110.897683,-8.041533,15.98,1.0
2025-10-03,Giriwoyo,110.947632,-8.026094,0.0,2.0
2025-10-03,Parangjoho,110.817714,-7.951409,0.0,7.0
2025-10-03,Sidorejo,111.135461,-7.946686,0.0,9.0
2025-10-03,SongPutri,110.831567,-7.992783,0.0,6.0
2025-10-03,Waduk Nawangan,110.897683,-8.041533,0.0,1.0
2025-10-04,Giriwoyo,110.947632,-8.026094,0.0,2.0
2025-10-04,Parangjoho,110.817714,-7.951409,0.0,7.0
2025-10-04,Sidorejo,111.135461,-7.946686,0.0,9.0
2025-10-04,SongPutri,110.831567,-7.992783,0.0,6.0
2025-10-04,Waduk Nawangan,110.897683,-8.041533,0.0,1.0
2025-10-05,Giriwoyo,110.947632,-8.026094,2.0,2.0
2025-10-05,Parangjoho,110.817714,-7.951409,3.0,7.0
2025-10-05,Sidorejo,111.135461,-7.946686,0.0,9.0
2025-10-05,SongPutri,110.831567,-7.992783,0.6,6.0
2025-10-05,Waduk Nawangan,110.897683,-8.041533,0.36,1.0
2025-10-06,Giriwoyo,110.947632,-8.026094,0.0,2.0
2025-10-06,Parangjoho,110.817714,-7.951409,0.0,7.0
2025-10-06,Sidorejo,111.135461,-7.946686,0.0,9.0
2025-10-06,SongPutri,110.831567,-7.992783,0.0,6.0
2025-10-06,Waduk Nawangan,110.897683,-8.041533,0.0,1.0
2025-10-07,Giriwoyo,110.947632,-8.026094,0.0,2.0
2025-10-07,Parangjoho,110.817714,-7.951409,0.0,7.0
2025-10-07,Sidorejo,111.135461,-7.946686,0.0,9.0
2025-10-07,SongPutri,110.831567,-7.992783,0.0,6.0
2025-10-07,Waduk Nawangan,110.897683,-8.041533,0.0,1.0
2025-10-08,Giriwoyo,110.947632,-8.026094,0.0,2.0
2025-10-08,Parangjoho,110.817714,-7.951409,0.0,7.0
2025-10-08,Sidorejo,111.135461,-7.946686,0.0,9.0
2025-10-08,SongPutri,110.831567,-7.992783,0.0,6.0
2025-10-08,Waduk Nawangan,110.897683,-8.041533,0.0,1.0
2025-10-09,Giriwoyo,110.947632,-8.026094,0.0,2.0
2025-10-09,Parangjoho,110.817714,-7.951409,0.0,7.0
2025-10-09,Sidorejo,111.135461,-7.946686,0.0,9.0
2025-10-09,SongPutri,110.831567,-7.992783,0.0,6.0
2025-10-09,Waduk Nawangan,110.897683,-8.041533,0.0,1.0
2025-10-10,Giriwoyo,110.947632,-8.026094,0.0,2.0
2025-10-10,Parangjoho,110.817714,-7.951409,0.0,7.0
2025-10-10,Sidorejo,111.135461,-7.946686,0.0,9.0
2025-10-10,SongPutri,110.831567,-7.992783,0.0,6.0
2025-10-10,Waduk Nawangan,110.897683,-8.041533,0.0,1.0
2025-10-11,Giriwoyo,110.947632,-8.026094,0.0,2.0
2025-10-11,Parangjoho,110.817714,-7.951409,0.0,7.0
2025-10-11,Sidorejo,111.135461,-7.946686,0.0,9.0
2025-10-11,SongPutri,110.831567,-7.992783,0.0,6.0
2025-10-11,Waduk Nawangan,110.897683,-8.041533,0.0,1.0
2025-10-12,Giriwoyo,110.947632,-8.026094,0.0,2.0
2025-10-12,Parangjoho,110.817714,-7.951409,1.0,7.0
2025-10-12,Sidorejo,111.135461,-7.946686,11.0,9.0
2025-10-12,SongPutri,110.831567,-7.992783,3.6,6.0
2025-10-12,Waduk Nawangan,110.897683,-8.041533,0.0,1.0
2025-10-13,Giriwoyo,110.947632,-8.026094,0.0,2.0
2025-10-13,Parangjoho,110.817714,-7.951409,1.0,7.0
2025-10-13,Sidorejo,111.135461,-7.946686,13.5,9.0
2025-10-13,SongPutri,110.831567,-7.992783,8.4,6.0
2025-10-13,Waduk Nawangan,110.897683,-8.041533,0.0,1.0
2025-10-14,Giriwoyo,110.947632,-8.026094,0.0,2.0
2025-10-14,Parangjoho,110.817714,-7.951409,0.5,7.0
2025-10-14,Sidorejo,111.135461,-7.946686,0.0,9.0
2025-10-14,SongPutri,110.831567,-7.992783,0.0,6.0
2025-10-14,Waduk Nawangan,110.897683,-8.041533,0.0,1.0
2025-10-15,Giriwoyo,110.947632,-8.026094,0.0,2.0
2025-10-15,Parangjoho,110.817714,-7.951409,8.0,7.0
2025-10-15,Sidorejo,111.135461,-7.946686,0.0,9.0
2025-10-15,SongPutri,110.831567,-7.992783,0.0,6.0
2025-10-15,Waduk Nawangan,110.897683,-8.041533,0.0,1.0
2025-10-16,Giriwoyo,110.947632,-8.026094,0.0,2.0
2025-10-16,Parangjoho,110.817714,-7.951409,0.0,7.0
2025-10-16,Sidorejo,111.135461,-7.946686,0.0,9.0
2025-10-16,SongPutri,110.831567,-7.992783,0.0,6.0
2025-10-16,Waduk Nawangan,110.897683,-8.041533,0.0,1.0
2025-10-17,Giriwoyo,110.947632,-8.026094,0.0,2.0
2025-10-17,Parangjoho,110.817714,-7.951409,3.5,7.0
2025-10-17,Sidorejo,111.135461,-7.946686,0.0,9.0
2025-10-17,SongPutri,110.831567,-7.992783,3.2,6.0
2025-10-17,Waduk Nawangan,110.897683,-8.041533,0.0,1.0
2025-10-18,Giriwoyo,110.947632,-8.026094,0.0,2.0
2025-10-18,Parangjoho,110.817714,-7.951409,0.5,7.0
2025-10-18,Sidorejo,111.135461,-7.946686,0.0,9.0
2025-10-18,SongPutri,110.831567,-7.992783,0.0,6.0
2025-10-18,Waduk Nawangan,110.897683,-8.041533,0.0,1.0
2025-10-19,Giriwoyo,110.947632,-8.026094,0.0,2.0
2025-10-19,Parangjoho,110.817714,-7.951409,9.0,7.0
2025-10-19,Sidorejo,111.135461,-7.946686,0.0,9.0
2025-10-19,SongPutri,110.831567,-7.992783,3.4,6.0
2025-10-19,Waduk Nawangan,110.897683,-8.041533,0.71,1.0
2025-10-20,Giriwoyo,110.947632,-8.026094,15.5,2.0
2025-10-20,Parangjoho,110.817714,-7.951409,28.0,7.0
2025-10-20,Sidorejo,111.135461,-7.946686,0.0,9.0
2025-10-20,SongPutri,110.831567,-7.992783,11.6,6.0
2025-10-20,Waduk Nawangan,110.897683,-8.041533,11.72,1.0
2025-10-21,Giriwoyo,110.947632,-8.026094,0.0,2.0
2025-10-21,Parangjoho,110.817714,-7.951409,7.0,7.0
2025-10-21,Sidorejo,111.135461,-7.946686,0.0,9.0
2025-10-21,SongPutri,110.831567,-7.992783,11.4,6.0
2025-10-21,Waduk Nawangan,110.897683,-8.041533,7.1,1.0
2025-10-22,Giriwoyo,110.947632,-8.026094,24.5,2.0
2025-10-22,Parangjoho,110.817714,-7.951409,1.0,7.0
2025-10-22,Sidorejo,111.135461,-7.946686,0.0,9.0
2025-10-22,SongPutri,110.831567,-7.992783,1.0,6.0
2025-10-22,Waduk Nawangan,110.897683,-8.041533,1.78,1.0
2025-10-23,Giriwoyo,110.947632,-8.026094,7.5,2.0
2025-10-23,Parangjoho,110.817714,-7.951409,6.0,7.0
2025-10-23,Sidorejo,111.135461,-7.946686,0.0,9.0
2025-10-23,SongPutri,110.831567,-7.992783,5.2,6.0
2025-10-23,Waduk Nawangan,110.897683,-8.041533,21.66,1.0
2025-10-24,Giriwoyo,110.947632,-8.026094,54.5,2.0
2025-10-24,Parangjoho,110.817714,-7.951409,8.0,7.0
2025-10-24,Sidorejo,111.135461,-7.946686,0.0,9.0
2025-10-24,SongPutri,110.831567,-7.992783,12.6,6.0
2025-10-24,Waduk Nawangan,110.897683,-8.041533,19.88,1.0
2025-10-25,Giriwoyo,110.947632,-8.026094,16.0,2.0
2025-10-25,Parangjoho,110.817714,-7.951409,5.5,7.0
2025-10-25,Sidorejo,111.135461,-7.946686,0.0,9.0
2025-10-25,SongPutri,110.831567,-7.992783,28.6,6.0
2025-10-25,Waduk Nawangan,110.897683,-8.041533,28.76,1.0
2025-10-26,Giriwoyo,110.947632,-8.026094,0.5,2.0
2025-10-26,Parangjoho,110.817714,-7.951409,0.0,7.0
2025-10-26,Sidorejo,111.135461,-7.946686,0.0,9.0
2025-10-26,SongPutri,110.831567,-7.992783,0.2,6.0
2025-10-26,Waduk Nawangan,110.897683,-8.041533,0.0,1.0
2025-10-27,Giriwoyo,110.947632,-8.026094,80.5,2.0
2025-10-27,Parangjoho,110.817714,-7.951409,9.5,7.0
2025-10-27,Sidorejo,111.135461,-7.946686,0.0,9.0
2025-10-27,SongPutri,110.831567,-7.992783,22.4,6.0
2025-10-27,Waduk Nawangan,110.897683,-8.041533,19.17,1.0
2025-10-28,Giriwoyo,110.947632,-8.026094,59.0,2.0
2025-10-28,Parangjoho,110.817714,-7.951409,63.5,7.0
2025-10-28,Sidorejo,111.135461,-7.946686,0.0,9.0
2025-10-28,SongPutri,110.831567,-7.992783,74.6,6.0
2025-10-28,Waduk Nawangan,110.897683,-8.041533,82.72,1.0
2025-10-29,Giriwoyo,110.947632,-8.026094,0.5,2.0
2025-10-29,Parangjoho,110.817714,-7.951409,0.0,7.0
2025-10-29,Sidorejo,111.135461,-7.946686,0.0,9.0
2025-10-29,SongPutri,110.831567,-7.992783,0.8,6.0
2025-10-29,Waduk Nawangan,110.897683,-8.041533,6.39,1.0
2025-10-30,Giriwoyo,110.947632,-8.026094,3.0,2.0
2025-10-30,Parangjoho,110.817714,-7.951409,2.0,7.0
2025-10-30,Sidorejo,111.135461,-7.946686,0.0,9.0
2025-10-30,SongPutri,110.831567,-7.992783,4.0,6.0
2025-10-30,Waduk Nawangan,110.897683,-8.041533,3.2,1.0
2025-10-31,Giriwoyo,110.947632,-8.026094,48.5,2.0
2025-10-31,Parangjoho,110.817714,-7.951409,2.0,7.0
2025-10-31,Sidorejo,111.135461,-7.946686,0.0,9.0
2025-10-31,SongPutri,110.831567,-7.992783,5.8,6.0
2025-10-31,Waduk Nawangan,110.897683,-8.041533,14.56,1.0
2025-11-01,Giriwoyo,110.947632,-8.026094,26.0,2.0
2025-11-01,Parangjoho,110.817714,-7.951409,27.5,7.0
2025-11-01,Sidorejo,111.135461,-7.946686,7.0,9.0
2025-11-01,SongPutri,110.831567,-7.992783,1.4,6.0
2025-11-01,Waduk Nawangan,110.897683,-8.041533,3.55,1.0
2025-11-02,Giriwoyo,110.947632,-8.026094,34.0,2.0
2025-11-02,Parangjoho,110.817714,-7.951409,40.5,7.0
2025-11-02,Sidorejo,111.135461,-7.946686,4.0,9.0
2025-11-02,SongPutri,110.831567,-7.992783,5.6,6.0
2025-11-02,Waduk Nawangan,110.897683,-8.041533,42.6,1.0
2025-11-03,Giriwoyo,110.947632,-8.026094,0.5,2.0
2025-11-03,Parangjoho,110.817714,-7.951409,8.0,7.0
2025-11-03,Sidorejo,111.135461,-7.946686,0.0,9.0
2025-11-03,SongPutri,110.831567,-7.992783,10.8,6.0
2025-11-03,Waduk Nawangan,110.897683,-8.041533,7.81,1.0
2025-11-04,Giriwoyo,110.947632,-8.026094,2.5,2.0
2025-11-04,Parangjoho,110.817714,-7.951409,0.5,7.0
2025-11-04,Sidorejo,111.135461,-7.946686,2.0,9.0
2025-11-04,SongPutri,110.831567,-7.992783,1.6,6.0
2025-11-04,Waduk Nawangan,110.897683,-8.041533,4.26,1.0
2025-11-05,Giriwoyo,110.947632,-8.026094,13.5,2.0
2025-11-05,Parangjoho,110.817714,-7.951409,3.5,7.0
2025-11-05,Sidorejo,111.135461,-7.946686,0.0,9.0
2025-11-05,SongPutri,110.831567,-7.992783,16.2,6.0
2025-11-05,Waduk Nawangan,110.897683,-8.041533,7.46,1.0
2025-11-06,Giriwoyo,110.947632,-8.026094,0.0,2.0
2025-11-06,Parangjoho,110.817714,-7.951409,0.0,7.0
2025-11-06,Sidorejo,111.135461,-7.946686,0.0,9.0
2025-11-06,SongPutri,110.831567,-7.992783,0.0,6.0
2025-11-06,Waduk Nawangan,110.897683,-8.041533,0.0,1.0
2025-11-07,Giriwoyo,110.947632,-8.026094,5.5,2.0
2025-11-07,Parangjoho,110.817714,-7.951409,14.0,7.0
2025-11-07,Sidorejo,111.135461,-7.946686,0.5,9.0
2025-11-07,SongPutri,110.831567,-7.992783,31.2,6.0
2025-11-07,Waduk Nawangan,110.897683,-8.041533,0.71,1.0
2025-11-08,Giriwoyo,110.947632,-8.026094,28.5,2.0
2025-11-08,Parangjoho,110.817714,-7.951409,14.5,7.0
2025-11-08,Sidorejo,111.135461,-7.946686,0.0,9.0
2025-11-08,SongPutri,110.831567,-7.992783,16.6,6.0
2025-11-08,Waduk Nawangan,110.897683,-8.041533,25.21,1.0
2025-11-09,Giriwoyo,110.947632,-8.026094,1.5,2.0
2025-11-09,Parangjoho,110.817714,-7.951409,0.5,7.0
2025-11-09,Sidorejo,111.135461,-7.946686,0.0,9.0
2025-11-09,SongPutri,110.831567,-7.992783,1.2,6.0
2025-11-09,Waduk Nawangan,110.897683,-8.041533,0.71,1.0
2025-11-10,Giriwoyo,110.947632,-8.026094,7.0,2.0
2025-11-10,Parangjoho,110.817714,-7.951409,27.0,7.0
2025-11-10,Sidorejo,111.135461,-7.946686,0.0,9.0
2025-11-10,SongPutri,110.831567,-7.992783,14.6,6.0
2025-11-10,Waduk Nawangan,110.897683,-8.041533,7.1,1.0
2025-11-11,Giriwoyo,110.947632,-8.026094,8.5,2.0
2025-11-11,Parangjoho,110.817714,-7.951409,14.0,7.0
2025-11-11,Sidorejo,111.135461,-7.946686,0.5,9.0
2025-11-11,SongPutri,110.831567,-7.992783,2.2,6.0
2025-11-11,Waduk Nawangan,110.897683,-8.041533,6.04,1.0
2025-11-12,Giriwoyo,110.947632,-8.026094,28.0,2.0
2025-11-12,Parangjoho,110.817714,-7.951409,9.0,7.0
2025-11-12,Sidorejo,111.135461,-7.946686,6.5,9.0
2025-11-12,SongPutri,110.831567,-7.992783,20.2,6.0
2025-11-12,Waduk Nawangan,110.897683,-8.041533,15.62,1.0
2025-11-13,Giriwoyo,110.947632,-8.026094,6.5,2.0
2025-11-13,Parangjoho,110.817714,-7.951409,19.0,7.0
2025-11-13,Sidorejo,111.135461,-7.946686,2.5,9.0
2025-11-13,SongPutri,110.831567,-7.992783,10.8,6.0
2025-11-13,Waduk Nawangan,110.897683,-8.041533,6.75,1.0
2025-11-14,Giriwoyo,110.947632,-8.026094,6.5,2.0
2025-11-14,Parangjoho,110.817714,-7.951409,5.0,7.0
2025-11-14,Sidorejo,111.135461,-7.946686,0.0,9.0
2025-11-14,SongPutri,110.831567,-7.992783,4.2,6.0
2025-11-14,Waduk Nawangan,110.897683,-8.041533,5.33,1.0
2025-11-15,Giriwoyo,110.947632,-8.026094,15.0,2.0
2025-11-15,Parangjoho,110.817714,-7.951409,4.0,7.0
2025-11-15,Sidorejo,111.135461,-7.946686,0.0,9.0
2025-11-15,SongPutri,110.831567,-7.992783,12.8,6.0
2025-11-15,Waduk Nawangan,110.897683,-8.041533,15.62,1.0
2025-11-16,Giriwoyo,110.947632,-8.026094,0.5,2.0
2025-11-16,Parangjoho,110.817714,-7.951409,1.0,7.0
2025-11-16,Sidorejo,111.135461,-7.946686,0.0,9.0
2025-11-16,SongPutri,110.831567,-7.992783,0.0,6.0
2025-11-16,Waduk Nawangan,110.897683,-8.041533,0.0,1.0
2025-11-17,Giriwoyo,110.947632,-8.026094,0.0,2.0
2025-11-17,Parangjoho,110.817714,-7.951409,0.0,7.0
2025-11-17,Sidorejo,111.135461,-7.946686,0.0,9.0
2025-11-17,SongPutri,110.831567,-7.992783,0.0,6.0
2025-11-17,Waduk Nawangan,110.897683,-8.041533,0.36,1.0
2025-11-18,Giriwoyo,110.947632,-8.026094,0.5,2.0
2025-11-18,Parangjoho,110.817714,-7.951409,9.0,7.0
2025-11-18,Sidorejo,111.135461,-7.946686,0.0,9.0
2025-11-18,SongPutri,110.831567,-7.992783,1.6,6.0
2025-11-18,Waduk Nawangan,110.897683,-8.041533,7.46,1.0
2025-11-19,Giriwoyo,110.947632,-8.026094,1.0,2.0
2025-11-19,Parangjoho,110.817714,-7.951409,7.0,7.0
2025-11-19,Sidorejo,111.135461,-7.946686,0.0,9.0
2025-11-19,SongPutri,110.831567,-7.992783,3.0,6.0
2025-11-19,Waduk Nawangan,110.897683,-8.041533,1.42,1.0
2025-11-20,Giriwoyo,110.947632,-8.026094,12.5,2.0
2025-11-20,Parangjoho,110.817714,-7.951409,1.0,7.0
2025-11-20,Sidorejo,111.135461,-7.946686,0.0,9.0
2025-11-20,SongPutri,110.831567,-7.992783,43.2,6.0
2025-11-20,Waduk Nawangan,110.897683,-8.041533,0.36,1.0
2025-11-21,Giriwoyo,110.947632,-8.026094,17.0,2.0
2025-11-21,Parangjoho,110.817714,-7.951409,19.5,7.0
2025-11-21,Sidorejo,111.135461,-7.946686,0.0,9.0
2025-11-21,SongPutri,110.831567,-7.992783,13.4,6.0
2025-11-21,Waduk Nawangan,110.897683,-8.041533,46.86,1.0
2025-11-22,Giriwoyo,110.947632,-8.026094,0.0,2.0
2025-11-22,Parangjoho,110.817714,-7.951409,0.0,7.0
2025-11-22,Sidorejo,111.135461,-7.946686,0.0,9.0
2025-11-22,SongPutri,110.831567,-7.992783,0.0,6.0
2025-11-22,Waduk Nawangan,110.897683,-8.041533,0.0,1.0
2025-11-23,Giriwoyo,110.947632,-8.026094,43.5,2.0
2025-11-23,Parangjoho,110.817714,-7.951409,5.5,7.0
2025-11-23,Sidorejo,111.135461,-7.946686,0.0,9.0
2025-11-23,SongPutri,110.831567,-7.992783,16.0,6.0
2025-11-23,Waduk Nawangan,110.897683,-8.041533,23.79,1.0
2025-11-24,Giriwoyo,110.947632,-8.026094,0.0,2.0
2025-11-24,Parangjoho,110.817714,-7.951409,0.0,7.0
2025-11-24,Sidorejo,111.135461,-7.946686,0.0,9.0
2025-11-24,SongPutri,110.831567,-7.992783,0.0,6.0
2025-11-24,Waduk Nawangan,110.897683,-8.041533,0.0,1.0
2025-11-25,Giriwoyo,110.947632,-8.026094,2.5,2.0
2025-11-25,Parangjoho,110.817714,-7.951409,0.0,7.0
2025-11-25,Sidorejo,111.135461,-7.946686,0.0,9.0
2025-11-25,SongPutri,110.831567,-7.992783,1.0,6.0
2025-11-25,Waduk Nawangan,110.897683,-8.041533,2.49,1.0
2025-11-26,Giriwoyo,110.947632,-8.026094,18.5,2.0
2025-11-26,Parangjoho,110.817714,-7.951409,7.5,7.0
2025-11-26,Sidorejo,111.135461,-7.946686,0.0,9.0
2025-11-26,SongPutri,110.831567,-7.992783,9.2,6.0
2025-11-26,Waduk Nawangan,110.897683,-8.041533,18.11,1.0
2025-11-27,Giriwoyo,110.947632,-8.026094,0.0,2.0
2025-11-27,Parangjoho,110.817714,-7.951409,0.0,7.0
2025-11-27,Sidorejo,111.135461,-7.946686,0.0,9.0
2025-11-27,SongPutri,110.831567,-7.992783,0.0,6.0
2025-11-27,Waduk Nawangan,110.897683,-8.041533,0.0,1.0
2025-11-28,Giriwoyo,110.947632,-8.026094,0.0,2.0
2025-11-28,Parangjoho,110.817714,-7.951409,0.0,7.0
2025-11-28,Sidorejo,111.135461,-7.946686,0.0,9.0
2025-11-28,SongPutri,110.831567,-7.992783,0.0,6.0
2025-11-28,Waduk Nawangan,110.897683,-8.041533,0.0,1.0
2025-11-29,Giriwoyo,110.947632,-8.026094,0.0,2.0
2025-11-29,Parangjoho,110.817714,-7.951409,0.0,7.0
2025-11-29,Sidorejo,111.135461,-7.946686,0.0,9.0
2025-11-29,SongPutri,110.831567,-7.992783,0.0,6.0
2025-11-29,Waduk Nawangan,110.897683,-8.041533,0.0,1.0
2025-11-30,Giriwoyo,110.947632,-8.026094,0.0,2.0
2025-11-30,Parangjoho,110.817714,-7.951409,0.0,7.0
2025-11-30,Sidorejo,111.135461,-7.946686,0.0,9.0
2025-11-30,SongPutri,110.831567,-7.992783,0.0,6.0
2025-11-30,Waduk Nawangan,110.897683,-8.041533,0.0,1.0
2025-12-01,Giriwoyo,110.947632,-8.026094,0.0,2.0
2025-12-01,Parangjoho,110.817714,-7.951409,0.0,7.0
2025-12-01,Sidorejo,111.135461,-7.946686,0.0,9.0
2025-12-01,SongPutri,110.831567,-7.992783,0.0,6.0
2025-12-01,Waduk Nawangan,110.897683,-8.041533,0.0,1.0
2025-12-02,Giriwoyo,110.947632,-8.026094,1.0,2.0
2025-12-02,Parangjoho,110.817714,-7.951409,10.5,7.0
2025-12-02,Sidorejo,111.135461,-7.946686,0.0,9.0
2025-12-02,SongPutri,110.831567,-7.992783,8.6,6.0
2025-12-02,Waduk Nawangan,110.897683,-8.041533,1.07,1.0
2025-12-03,Giriwoyo,110.947632,-8.026094,2.0,2.0
2025-12-03,Parangjoho,110.817714,-7.951409,0.0,7.0
2025-12-03,Sidorejo,111.135461,-7.946686,0.0,9.0
2025-12-03,SongPutri,110.831567,-7.992783,0.4,6.0
2025-12-03,Waduk Nawangan,110.897683,-8.041533,0.36,1.0
2025-12-04,Giriwoyo,110.947632,-8.026094,0.5,2.0
2025-12-04,Parangjoho,110.817714,-7.951409,3.0,7.0
2025-12-04,Sidorejo,111.135461,-7.946686,0.0,9.0
2025-12-04,SongPutri,110.831567,-7.992783,16.6,6.0
2025-12-04,Waduk Nawangan,110.897683,-8.041533,1.07,1.0
2025-12-05,Giriwoyo,110.947632,-8.026094,0.0,2.0
2025-12-05,Parangjoho,110.817714,-7.951409,0.5,7.0
2025-12-05,Sidorejo,111.135461,-7.946686,0.0,9.0
2025-12-05,SongPutri,110.831567,-7.992783,0.0,6.0
2025-12-05,Waduk Nawangan,110.897683,-8.041533,0.36,1.0
2025-12-06,Giriwoyo,110.947632,-8.026094,0.0,2.0
2025-12-06,Parangjoho,110.817714,-7.951409,0.0,7.0
2025-12-06,Sidorejo,111.135461,-7.946686,0.0,9.0
2025-12-06,SongPutri,110.831567,-7.992783,0.0,6.0
2025-12-06,Waduk Nawangan,110.897683,-8.041533,0.0,1.0
2025-12-07,Giriwoyo,110.947632,-8.026094,0.0,2.0
2025-12-07,Parangjoho,110.817714,-7.951409,0.0,7.0
2025-12-07,Sidorejo,111.135461,-7.946686,0.0,9.0
2025-12-07,SongPutri,110.831567,-7.992783,4.6,6.0
2025-12-07,Waduk Nawangan,110.897683,-8.041533,0.0,1.0
2025-12-08,Giriwoyo,110.947632,-8.026094,10.0,2.0
2025-12-08,Parangjoho,110.817714,-7.951409,2.5,7.0
2025-12-08,Sidorejo,111.135461,-7.946686,0.0,9.0
2025-12-08,SongPutri,110.831567,-7.992783,4.6,6.0
2025-12-08,Waduk Nawangan,110.897683,-8.041533,5.68,1.0
2025-12-09,Giriwoyo,110.947632,-8.026094,1.0,2.0
2025-12-09,Parangjoho,110.817714,-7.951409,0.0,7.0
2025-12-09,Sidorejo,111.135461,-7.946686,0.0,9.0
2025-12-09,SongPutri,110.831567,-7.992783,0.2,6.0
2025-12-09,Waduk Nawangan,110.897683,-8.041533,0.36,1.0
2025-12-10,Giriwoyo,110.947632,-8.026094,0.0,2.0
2025-12-10,Parangjoho,110.817714,-7.951409,0.0,7.0
2025-12-10,Sidorejo,111.135461,-7.946686,0.0,9.0
2025-12-10,SongPutri,110.831567,-7.992783,0.0,6.0
2025-12-10,Waduk Nawangan,110.897683,-8.041533,0.0,1.0
2025-12-11,Giriwoyo,110.947632,-8.026094,0.0,2.0
2025-12-11,Parangjoho,110.817714,-7.951409,0.0,7.0
2025-12-11,Sidorejo,111.135461,-7.946686,0.0,9.0
2025-12-11,SongPutri,110.831567,-7.992783,0.0,6.0
2025-12-11,Waduk Nawangan,110.897683,-8.041533,0.0,1.0
2025-12-12,Giriwoyo,110.947632,-8.026094,0.0,2.0
2025-12-12,Parangjoho,110.817714,-7.951409,0.0,7.0
2025-12-12,Sidorejo,111.135461,-7.946686,0.0,9.0
2025-12-12,SongPutri,110.831567,-7.992783,0.0,6.0
2025-12-12,Waduk Nawangan,110.897683,-8.041533,0.0,1.0
2025-12-13,Giriwoyo,110.947632,-8.026094,6.0,2.0
2025-12-13,Parangjoho,110.817714,-7.951409,3.5,7.0
2025-12-13,Sidorejo,111.135461,-7.946686,0.0,9.0
2025-12-13,SongPutri,110.831567,-7.992783,3.6,6.0
2025-12-13,Waduk Nawangan,110.897683,-8.041533,5.68,1.0
2025-12-14,Giriwoyo,110.947632,-8.026094,2.0,2.0
2025-12-14,Parangjoho,110.817714,-7.951409,5.5,7.0
2025-12-14,Sidorejo,111.135461,-7.946686,0.0,9.0
2025-12-14,SongPutri,110.831567,-7.992783,2.0,6.0
2025-12-14,Waduk Nawangan,110.897683,-8.041533,0.36,1.0
2025-12-15,Giriwoyo,110.947632,-8.026094,0.0,2.0
2025-12-15,Parangjoho,110.817714,-7.951409,3.0,7.0
2025-12-15,Sidorejo,111.135461,-7.946686,0.0,9.0
2025-12-15,SongPutri,110.831567,-7.992783,0.8,6.0
2025-12-15,Waduk Nawangan,110.897683,-8.041533,0.36,1.0
2025-12-16,Giriwoyo,110.947632,-8.026094,0.0,2.0
2025-12-16,Parangjoho,110.817714,-7.951409,0.5,7.0
2025-12-16,Sidorejo,111.135461,-7.946686,0.0,9.0
2025-12-16,SongPutri,110.831567,-7.992783,0.0,6.0
2025-12-16,Waduk Nawangan,110.897683,-8.041533,0.71,1.0
2025-12-17,Giriwoyo,110.947632,-8.026094,0.0,2.0
2025-12-17,Parangjoho,110.817714,-7.951409,0.0,7.0
2025-12-17,Sidorejo,111.135461,-7.946686,0.0,9.0
2025-12-17,SongPutri,110.831567,-7.992783,0.0,6.0
2025-12-17,Waduk Nawangan,110.897683,-8.041533,0.0,1.0
2025-12-18,Giriwoyo,110.947632,-8.026094,0.0,2.0
2025-12-18,Parangjoho,110.817714,-7.951409,1.5,7.0
2025-12-18,Sidorejo,111.135461,-7.946686,0.0,9.0
2025-12-18,SongPutri,110.831567,-7.992783,3.0,6.0
2025-12-18,Waduk Nawangan,110.897683,-8.041533,0.0,1.0
2025-12-19,Giriwoyo,110.947632,-8.026094,4.0,2.0
2025-12-19,Parangjoho,110.817714,-7.951409,2.5,7.0
2025-12-19,Sidorejo,111.135461,-7.946686,0.0,9.0
2025-12-19,SongPutri,110.831567,-7.992783,4.4,6.0
2025-12-19,Waduk Nawangan,110.897683,-8.041533,7.81,1.0
2025-12-20,Giriwoyo,110.947632,-8.026094,48.5,2.0
2025-12-20,Parangjoho,110.817714,-7.951409,34.5,7.0
2025-12-20,Sidorejo,111.135461,-7.946686,0.0,9.0
2025-12-20,SongPutri,110.831567,-7.992783,40.0,6.0
2025-12-20,Waduk Nawangan,110.897683,-8.041533,53.61,1.0
2025-12-21,Giriwoyo,110.947632,-8.026094,1.0,2.0
2025-12-21,Parangjoho,110.817714,-7.951409,1.5,7.0
2025-12-21,Sidorejo,111.135461,-7.946686,0.0,9.0
2025-12-21,SongPutri,110.831567,-7.992783,4.0,6.0
2025-12-21,Waduk Nawangan,110.897683,-8.041533,1.07,1.0
2025-12-22,Giriwoyo,110.947632,-8.026094,10.0,2.0
2025-12-22,Parangjoho,110.817714,-7.951409,3.5,7.0
2025-12-22,Sidorejo,111.135461,-7.946686,0.0,9.0
2025-12-22,SongPutri,110.831567,-7.992783,1.2,6.0
2025-12-22,Waduk Nawangan,110.897683,-8.041533,4.62,1.0
2025-12-23,Giriwoyo,110.947632,-8.026094,10.5,2.0
2025-12-23,Parangjoho,110.817714,-7.951409,0.5,7.0
2025-12-23,Sidorejo,111.135461,-7.946686,0.0,9.0
2025-12-23,SongPutri,110.831567,-7.992783,3.0,6.0
2025-12-23,Waduk Nawangan,110.897683,-8.041533,2.84,1.0
2025-12-24,Giriwoyo,110.947632,-8.026094,0.5,2.0
2025-12-24,Parangjoho,110.817714,-7.951409,0.0,7.0
2025-12-24,Sidorejo,111.135461,-7.946686,0.0,9.0
2025-12-24,SongPutri,110.831567,-7.992783,0.0,6.0
2025-12-24,Waduk Nawangan,110.897683,-8.041533,0.0,1.0
2025-12-25,Giriwoyo,110.947632,-8.026094,1.0,2.0
2025-12-25,Parangjoho,110.817714,-7.951409,0.5,7.0
2025-12-25,Sidorejo,111.135461,-7.946686,0.0,9.0
2025-12-25,SongPutri,110.831567,-7.992783,0.0,6.0
2025-12-25,Waduk Nawangan,110.897683,-8.041533,0.0,1.0
2025-12-26,Giriwoyo,110.947632,-8.026094,98.5,2.0
2025-12-26,Parangjoho,110.817714,-7.951409,68.0,7.0
2025-12-26,Sidorejo,111.135461,-7.946686,0.0,9.0
2025-12-26,SongPutri,110.831567,-7.992783,85.6,6.0
2025-12-26,Waduk Nawangan,110.897683,-8.041533,55.74,1.0
2025-12-27,Giriwoyo,110.947632,-8.026094,0.0,2.0
2025-12-27,Parangjoho,110.817714,-7.951409,1.0,7.0
2025-12-27,Sidorejo,111.135461,-7.946686,0.0,9.0
2025-12-27,SongPutri,110.831567,-7.992783,3.4,6.0
2025-12-27,Waduk Nawangan,110.897683,-8.041533,1.42,1.0
2025-12-28,Giriwoyo,110.947632,-8.026094,0.5,2.0
2025-12-28,Parangjoho,110.817714,-7.951409,0.0,7.0
2025-12-28,Sidorejo,111.135461,-7.946686,0.0,9.0
2025-12-28,SongPutri,110.831567,-7.992783,0.0,6.0
2025-12-28,Waduk Nawangan,110.897683,-8.041533,0.0,1.0
2025-12-29,Giriwoyo,110.947632,-8.026094,0.0,2.0
2025-12-29,Parangjoho,110.817714,-7.951409,0.0,7.0
2025-12-29,Sidorejo,111.135461,-7.946686,0.0,9.0
2025-12-29,SongPutri,110.831567,-7.992783,0.2,6.0
2025-12-29,Waduk Nawangan,110.897683,-8.041533,0.0,1.0
2025-12-30,Giriwoyo,110.947632,-8.026094,0.0,2.0
2025-12-30,Parangjoho,110.817714,-7.951409,0.0,7.0
2025-12-30,Sidorejo,111.135461,-7.946686,0.0,9.0
2025-12-30,SongPutri,110.831567,-7.992783,2.2,6.0
2025-12-30,Waduk Nawangan,110.897683,-8.041533,1.07,1.0
2025-12-31,Giriwoyo,110.947632,-8.026094,0.0,2.0
2025-12-31,Parangjoho,110.817714,-7.951409,17.0,7.0
2025-12-31,Sidorejo,111.135461,-7.946686,0.0,9.0
2025-12-31,SongPutri,110.831567,-7.992783,2.6,6.0
2025-12-31,Waduk Nawangan,110.897683,-8.041533,0.0,1.0
